index,geo_bbl,geo_bin,geo_tpad_new_bin,geo_tpad_new_bin_status,geo_tpad_dm_bin_status,geo_tpad_conflict_flag,geo_tpad_bin_status,geo_return_code,geo_return_code_2,geo_message,geo_message_2,geo_reason_code,bin
0,"",1000000,"","","","", ,22,"","INVALID BIN FORMAT: NON-NUMERIC, FIRST DIGIT NOT 1-5 OR REST OF DIGITS ALL ZERO","","",1000000
1,"",1000000,"","","","", ,22,"","INVALID BIN FORMAT: NON-NUMERIC, FIRST DIGIT NOT 1-5 OR REST OF DIGITS ALL ZERO","","",1000000
2,"",1000000,"","","","", ,22,"","INVALID BIN FORMAT: NON-NUMERIC, FIRST DIGIT NOT 1-5 OR REST OF DIGITS ALL ZERO","","",1000000
1084654,"",5801859,"","","","", ,23,"",TEMPORARY DEPARTMENT OF BUILDINGS BIN: EXISTS ONLY IN D.O.B. FILES,"","",5801859
150523,"",2800320,"","","","", ,23,"",TEMPORARY DEPARTMENT OF BUILDINGS BIN: EXISTS ONLY IN D.O.B. FILES,"","",2800320
150524,"",2802878,"","","","", ,23,"",TEMPORARY DEPARTMENT OF BUILDINGS BIN: EXISTS ONLY IN D.O.B. FILES,"","",2802878
150525,"",2803386,"","","","", ,23,"",TEMPORARY DEPARTMENT OF BUILDINGS BIN: EXISTS ONLY IN D.O.B. FILES,"","",2803386
150526,"",2803496,"","","","", ,23,"",TEMPORARY DEPARTMENT OF BUILDINGS BIN: EXISTS ONLY IN D.O.B. FILES,"","",2803496
150527,"",2804365,"","","","", ,23,"",TEMPORARY DEPARTMENT OF BUILDINGS BIN: EXISTS ONLY IN D.O.B. FILES,"","",2804365
150528,"",2805935,"","","","", ,23,"",TEMPORARY DEPARTMENT OF BUILDINGS BIN: EXISTS ONLY IN D.O.B. FILES,"","",2805935
150529,"",2806167,"","","","", ,23,"",TEMPORARY DEPARTMENT OF BUILDINGS BIN: EXISTS ONLY IN D.O.B. FILES,"","",2806167
150530,"",2806682,"","","","", ,23,"",TEMPORARY DEPARTMENT OF BUILDINGS BIN: EXISTS ONLY IN D.O.B. FILES,"","",2806682
150531,"",2809975,"","","","", ,23,"",TEMPORARY DEPARTMENT OF BUILDINGS BIN: EXISTS ONLY IN D.O.B. FILES,"","",2809975
150532,"",2811979,"","","","", ,23,"",TEMPORARY DEPARTMENT OF BUILDINGS BIN: EXISTS ONLY IN D.O.B. FILES,"","",2811979
150533,"",2812980,"","","","", ,23,"",TEMPORARY DEPARTMENT OF BUILDINGS BIN: EXISTS ONLY IN D.O.B. FILES,"","",2812980
150534,"",2813606,"","","","", ,23,"",TEMPORARY DEPARTMENT OF BUILDINGS BIN: EXISTS ONLY IN D.O.B. FILES,"","",2813606
150535,"",2813827,"","","","", ,23,"",TEMPORARY DEPARTMENT OF BUILDINGS BIN: EXISTS ONLY IN D.O.B. FILES,"","",2813827
150536,"",2815154,"","","","", ,23,"",TEMPORARY DEPARTMENT OF BUILDINGS BIN: EXISTS ONLY IN D.O.B. FILES,"","",2815154
150537,"",2816157,"","","","", ,23,"",TEMPORARY DEPARTMENT OF BUILDINGS BIN: EXISTS ONLY IN D.O.B. FILES,"","",2816157
150538,"",2817058,"","","","", ,23,"",TEMPORARY DEPARTMENT OF BUILDINGS BIN: EXISTS ONLY IN D.O.B. FILES,"","",2817058
150539,"",2817110,"","","","", ,23,"",TEMPORARY DEPARTMENT OF BUILDINGS BIN: EXISTS ONLY IN D.O.B. FILES,"","",2817110
150540,"",2817489,"","","","", ,23,"",TEMPORARY DEPARTMENT OF BUILDINGS BIN: EXISTS ONLY IN D.O.B. FILES,"","",2817489
150541,"",2821841,"","","","", ,23,"",TEMPORARY DEPARTMENT OF BUILDINGS BIN: EXISTS ONLY IN D.O.B. FILES,"","",2821841
150542,"",2830220,"","","","", ,23,"",TEMPORARY DEPARTMENT OF BUILDINGS BIN: EXISTS ONLY IN D.O.B. FILES,"","",2830220
150543,"",2831168,"","","","", ,23,"",TEMPORARY DEPARTMENT OF BUILDINGS BIN: EXISTS ONLY IN D.O.B. FILES,"","",2831168
150544,"",2831887,"","","","", ,23,"",TEMPORARY DEPARTMENT OF BUILDINGS BIN: EXISTS ONLY IN D.O.B. FILES,"","",2831887
150545,"",3000000,"","","","", ,22,"","INVALID BIN FORMAT: NON-NUMERIC, FIRST DIGIT NOT 1-5 OR REST OF DIGITS ALL ZERO","","",3000000
150546,"",3000000,"","","","", ,22,"","INVALID BIN FORMAT: NON-NUMERIC, FIRST DIGIT NOT 1-5 OR REST OF DIGITS ALL ZERO","","",3000000
150547,"",3000000,"","","","", ,22,"","INVALID BIN FORMAT: NON-NUMERIC, FIRST DIGIT NOT 1-5 OR REST OF DIGITS ALL ZERO","","",3000000
150548,"",3000000,"","","","", ,22,"","INVALID BIN FORMAT: NON-NUMERIC, FIRST DIGIT NOT 1-5 OR REST OF DIGITS ALL ZERO","","",3000000
150549,"",3000000,"","","","", ,22,"","INVALID BIN FORMAT: NON-NUMERIC, FIRST DIGIT NOT 1-5 OR REST OF DIGITS ALL ZERO","","",3000000
150550,"",3000000,"","","","", ,22,"","INVALID BIN FORMAT: NON-NUMERIC, FIRST DIGIT NOT 1-5 OR REST OF DIGITS ALL ZERO","","",3000000
482007,"",3856485,"","","","", ,23,"",TEMPORARY DEPARTMENT OF BUILDINGS BIN: EXISTS ONLY IN D.O.B. FILES,"","",3856485
482008,"",3856600,"","","","", ,23,"",TEMPORARY DEPARTMENT OF BUILDINGS BIN: EXISTS ONLY IN D.O.B. FILES,"","",3856600
482009,"",3856738,"","","","", ,23,"",TEMPORARY DEPARTMENT OF BUILDINGS BIN: EXISTS ONLY IN D.O.B. FILES,"","",3856738
482010,"",3856775,"","","","", ,23,"",TEMPORARY DEPARTMENT OF BUILDINGS BIN: EXISTS ONLY IN D.O.B. FILES,"","",3856775
482011,"",4000000,"","","","", ,22,"","INVALID BIN FORMAT: NON-NUMERIC, FIRST DIGIT NOT 1-5 OR REST OF DIGITS ALL ZERO","","",4000000
482012,"",4000000,"","","","", ,22,"","INVALID BIN FORMAT: NON-NUMERIC, FIRST DIGIT NOT 1-5 OR REST OF DIGITS ALL ZERO","","",4000000
482013,"",4000000,"","","","", ,22,"","INVALID BIN FORMAT: NON-NUMERIC, FIRST DIGIT NOT 1-5 OR REST OF DIGITS ALL ZERO","","",4000000
482014,"",4000000,"","","","", ,22,"","INVALID BIN FORMAT: NON-NUMERIC, FIRST DIGIT NOT 1-5 OR REST OF DIGITS ALL ZERO","","",4000000
482015,"",4000000,"","","","", ,22,"","INVALID BIN FORMAT: NON-NUMERIC, FIRST DIGIT NOT 1-5 OR REST OF DIGITS ALL ZERO","","",4000000
482016,"",4000000,"","","","", ,22,"","INVALID BIN FORMAT: NON-NUMERIC, FIRST DIGIT NOT 1-5 OR REST OF DIGITS ALL ZERO","","",4000000
482017,"",4000000,"","","","", ,22,"","INVALID BIN FORMAT: NON-NUMERIC, FIRST DIGIT NOT 1-5 OR REST OF DIGITS ALL ZERO","","",4000000
482018,"",4000000,"","","","", ,22,"","INVALID BIN FORMAT: NON-NUMERIC, FIRST DIGIT NOT 1-5 OR REST OF DIGITS ALL ZERO","","",4000000
482019,"",4000000,"","","","", ,22,"","INVALID BIN FORMAT: NON-NUMERIC, FIRST DIGIT NOT 1-5 OR REST OF DIGITS ALL ZERO","","",4000000
482020,"",4000000,"","","","", ,22,"","INVALID BIN FORMAT: NON-NUMERIC, FIRST DIGIT NOT 1-5 OR REST OF DIGITS ALL ZERO","","",4000000
482021,"",4000000,"","","","", ,22,"","INVALID BIN FORMAT: NON-NUMERIC, FIRST DIGIT NOT 1-5 OR REST OF DIGITS ALL ZERO","","",4000000
482022,"",4000000,"","","","", ,22,"","INVALID BIN FORMAT: NON-NUMERIC, FIRST DIGIT NOT 1-5 OR REST OF DIGITS ALL ZERO","","",4000000
482023,"",4000000,"","","","", ,22,"","INVALID BIN FORMAT: NON-NUMERIC, FIRST DIGIT NOT 1-5 OR REST OF DIGITS ALL ZERO","","",4000000
45618,"",1801274,"","","","", ,23,"",TEMPORARY DEPARTMENT OF BUILDINGS BIN: EXISTS ONLY IN D.O.B. FILES,"","",1801274
45619,"",1801296,"","","","", ,23,"",TEMPORARY DEPARTMENT OF BUILDINGS BIN: EXISTS ONLY IN D.O.B. FILES,"","",1801296
45620,"",1802152,"","","","", ,23,"",TEMPORARY DEPARTMENT OF BUILDINGS BIN: EXISTS ONLY IN D.O.B. FILES,"","",1802152
45621,"",1802226,"","","","", ,23,"",TEMPORARY DEPARTMENT OF BUILDINGS BIN: EXISTS ONLY IN D.O.B. FILES,"","",1802226
45622,"",1802898,"","","","", ,23,"",TEMPORARY DEPARTMENT OF BUILDINGS BIN: EXISTS ONLY IN D.O.B. FILES,"","",1802898
45623,"",1803994,"","","","", ,23,"",TEMPORARY DEPARTMENT OF BUILDINGS BIN: EXISTS ONLY IN D.O.B. FILES,"","",1803994
45624,"",1804034,"","","","", ,23,"",TEMPORARY DEPARTMENT OF BUILDINGS BIN: EXISTS ONLY IN D.O.B. FILES,"","",1804034
45625,"",1804231,"","","","", ,23,"",TEMPORARY DEPARTMENT OF BUILDINGS BIN: EXISTS ONLY IN D.O.B. FILES,"","",1804231
45626,"",1804512,"","","","", ,23,"",TEMPORARY DEPARTMENT OF BUILDINGS BIN: EXISTS ONLY IN D.O.B. FILES,"","",1804512
45627,"",1804759,"","","","", ,23,"",TEMPORARY DEPARTMENT OF BUILDINGS BIN: EXISTS ONLY IN D.O.B. FILES,"","",1804759
45628,"",1805823,"","","","", ,23,"",TEMPORARY DEPARTMENT OF BUILDINGS BIN: EXISTS ONLY IN D.O.B. FILES,"","",1805823
45629,"",1805860,"","","","", ,23,"",TEMPORARY DEPARTMENT OF BUILDINGS BIN: EXISTS ONLY IN D.O.B. FILES,"","",1805860
45630,"",1806094,"","","","", ,23,"",TEMPORARY DEPARTMENT OF BUILDINGS BIN: EXISTS ONLY IN D.O.B. FILES,"","",1806094
45631,"",1806330,"","","","", ,23,"",TEMPORARY DEPARTMENT OF BUILDINGS BIN: EXISTS ONLY IN D.O.B. FILES,"","",1806330
45632,"",1806375,"","","","", ,23,"",TEMPORARY DEPARTMENT OF BUILDINGS BIN: EXISTS ONLY IN D.O.B. FILES,"","",1806375
45633,"",1806405,"","","","", ,23,"",TEMPORARY DEPARTMENT OF BUILDINGS BIN: EXISTS ONLY IN D.O.B. FILES,"","",1806405
45634,"",1806440,"","","","", ,23,"",TEMPORARY DEPARTMENT OF BUILDINGS BIN: EXISTS ONLY IN D.O.B. FILES,"","",1806440
45635,"",1806455,"","","","", ,23,"",TEMPORARY DEPARTMENT OF BUILDINGS BIN: EXISTS ONLY IN D.O.B. FILES,"","",1806455
45636,"",1806464,"","","","", ,23,"",TEMPORARY DEPARTMENT OF BUILDINGS BIN: EXISTS ONLY IN D.O.B. FILES,"","",1806464
45637,"",1806603,"","","","", ,23,"",TEMPORARY DEPARTMENT OF BUILDINGS BIN: EXISTS ONLY IN D.O.B. FILES,"","",1806603
45638,"",1808732,"","","","", ,23,"",TEMPORARY DEPARTMENT OF BUILDINGS BIN: EXISTS ONLY IN D.O.B. FILES,"","",1808732
45639,"",1808858,"","","","", ,23,"",TEMPORARY DEPARTMENT OF BUILDINGS BIN: EXISTS ONLY IN D.O.B. FILES,"","",1808858
45640,"",1809873,"","","","", ,23,"",TEMPORARY DEPARTMENT OF BUILDINGS BIN: EXISTS ONLY IN D.O.B. FILES,"","",1809873
45641,"",1809959,"","","","", ,23,"",TEMPORARY DEPARTMENT OF BUILDINGS BIN: EXISTS ONLY IN D.O.B. FILES,"","",1809959
45642,"",1810324,"","","","", ,23,"",TEMPORARY DEPARTMENT OF BUILDINGS BIN: EXISTS ONLY IN D.O.B. FILES,"","",1810324
45643,"",1811118,"","","","", ,23,"",TEMPORARY DEPARTMENT OF BUILDINGS BIN: EXISTS ONLY IN D.O.B. FILES,"","",1811118
45644,"",1812220,"","","","", ,23,"",TEMPORARY DEPARTMENT OF BUILDINGS BIN: EXISTS ONLY IN D.O.B. FILES,"","",1812220
45645,"",1813445,"","","","", ,23,"",TEMPORARY DEPARTMENT OF BUILDINGS BIN: EXISTS ONLY IN D.O.B. FILES,"","",1813445
45646,"",2000000,"","","","", ,22,"","INVALID BIN FORMAT: NON-NUMERIC, FIRST DIGIT NOT 1-5 OR REST OF DIGITS ALL ZERO","","",2000000
45647,"",2000000,"","","","", ,22,"","INVALID BIN FORMAT: NON-NUMERIC, FIRST DIGIT NOT 1-5 OR REST OF DIGITS ALL ZERO","","",2000000
45648,"",2000000,"","","","", ,22,"","INVALID BIN FORMAT: NON-NUMERIC, FIRST DIGIT NOT 1-5 OR REST OF DIGITS ALL ZERO","","",2000000
45649,"",2000000,"","","","", ,22,"","INVALID BIN FORMAT: NON-NUMERIC, FIRST DIGIT NOT 1-5 OR REST OF DIGITS ALL ZERO","","",2000000
45650,"",2000000,"","","","", ,22,"","INVALID BIN FORMAT: NON-NUMERIC, FIRST DIGIT NOT 1-5 OR REST OF DIGITS ALL ZERO","","",2000000
45651,"",2000000,"","","","", ,22,"","INVALID BIN FORMAT: NON-NUMERIC, FIRST DIGIT NOT 1-5 OR REST OF DIGITS ALL ZERO","","",2000000
45652,"",2000000,"","","","", ,22,"","INVALID BIN FORMAT: NON-NUMERIC, FIRST DIGIT NOT 1-5 OR REST OF DIGITS ALL ZERO","","",2000000
150551,"",3000000,"","","","", ,22,"","INVALID BIN FORMAT: NON-NUMERIC, FIRST DIGIT NOT 1-5 OR REST OF DIGITS ALL ZERO","","",3000000
150552,"",3000000,"","","","", ,22,"","INVALID BIN FORMAT: NON-NUMERIC, FIRST DIGIT NOT 1-5 OR REST OF DIGITS ALL ZERO","","",3000000
150553,"",3000000,"","","","", ,22,"","INVALID BIN FORMAT: NON-NUMERIC, FIRST DIGIT NOT 1-5 OR REST OF DIGITS ALL ZERO","","",3000000
150554,"",3000000,"","","","", ,22,"","INVALID BIN FORMAT: NON-NUMERIC, FIRST DIGIT NOT 1-5 OR REST OF DIGITS ALL ZERO","","",3000000
150555,"",3000000,"","","","", ,22,"","INVALID BIN FORMAT: NON-NUMERIC, FIRST DIGIT NOT 1-5 OR REST OF DIGITS ALL ZERO","","",3000000
150556,"",3000000,"","","","", ,22,"","INVALID BIN FORMAT: NON-NUMERIC, FIRST DIGIT NOT 1-5 OR REST OF DIGITS ALL ZERO","","",3000000
150557,"",3000000,"","","","", ,22,"","INVALID BIN FORMAT: NON-NUMERIC, FIRST DIGIT NOT 1-5 OR REST OF DIGITS ALL ZERO","","",3000000
150558,"",3000000,"","","","", ,22,"","INVALID BIN FORMAT: NON-NUMERIC, FIRST DIGIT NOT 1-5 OR REST OF DIGITS ALL ZERO","","",3000000
481953,"",3804735,"","","","", ,23,"",TEMPORARY DEPARTMENT OF BUILDINGS BIN: EXISTS ONLY IN D.O.B. FILES,"","",3804735
481954,"",3806362,"","","","", ,23,"",TEMPORARY DEPARTMENT OF BUILDINGS BIN: EXISTS ONLY IN D.O.B. FILES,"","",3806362
481955,"",3808053,"","","","", ,23,"",TEMPORARY DEPARTMENT OF BUILDINGS BIN: EXISTS ONLY IN D.O.B. FILES,"","",3808053
481956,"",3809025,"","","","", ,23,"",TEMPORARY DEPARTMENT OF BUILDINGS BIN: EXISTS ONLY IN D.O.B. FILES,"","",3809025
481957,"",3809280,"","","","", ,23,"",TEMPORARY DEPARTMENT OF BUILDINGS BIN: EXISTS ONLY IN D.O.B. FILES,"","",3809280
481958,"",3810275,"","","","", ,23,"",TEMPORARY DEPARTMENT OF BUILDINGS BIN: EXISTS ONLY IN D.O.B. FILES,"","",3810275
481959,"",3810580,"","","","", ,23,"",TEMPORARY DEPARTMENT OF BUILDINGS BIN: EXISTS ONLY IN D.O.B. FILES,"","",3810580
481960,"",3810826,"","","","", ,23,"",TEMPORARY DEPARTMENT OF BUILDINGS BIN: EXISTS ONLY IN D.O.B. FILES,"","",3810826
481961,"",3810827,"","","","", ,23,"",TEMPORARY DEPARTMENT OF BUILDINGS BIN: EXISTS ONLY IN D.O.B. FILES,"","",3810827
481962,"",3810848,"","","","", ,23,"",TEMPORARY DEPARTMENT OF BUILDINGS BIN: EXISTS ONLY IN D.O.B. FILES,"","",3810848
481963,"",3810978,"","","","", ,23,"",TEMPORARY DEPARTMENT OF BUILDINGS BIN: EXISTS ONLY IN D.O.B. FILES,"","",3810978
481964,"",3811163,"","","","", ,23,"",TEMPORARY DEPARTMENT OF BUILDINGS BIN: EXISTS ONLY IN D.O.B. FILES,"","",3811163
481965,"",3814607,"","","","", ,23,"",TEMPORARY DEPARTMENT OF BUILDINGS BIN: EXISTS ONLY IN D.O.B. FILES,"","",3814607
481966,"",3815610,"","","","", ,23,"",TEMPORARY DEPARTMENT OF BUILDINGS BIN: EXISTS ONLY IN D.O.B. FILES,"","",3815610
481967,"",3815661,"","","","", ,23,"",TEMPORARY DEPARTMENT OF BUILDINGS BIN: EXISTS ONLY IN D.O.B. FILES,"","",3815661
481968,"",3815855,"","","","", ,23,"",TEMPORARY DEPARTMENT OF BUILDINGS BIN: EXISTS ONLY IN D.O.B. FILES,"","",3815855
481969,"",3818296,"","","","", ,23,"",TEMPORARY DEPARTMENT OF BUILDINGS BIN: EXISTS ONLY IN D.O.B. FILES,"","",3818296
481970,"",3818777,"","","","", ,23,"",TEMPORARY DEPARTMENT OF BUILDINGS BIN: EXISTS ONLY IN D.O.B. FILES,"","",3818777
481971,"",3819214,"","","","", ,23,"",TEMPORARY DEPARTMENT OF BUILDINGS BIN: EXISTS ONLY IN D.O.B. FILES,"","",3819214
481972,"",3822279,"","","","", ,23,"",TEMPORARY DEPARTMENT OF BUILDINGS BIN: EXISTS ONLY IN D.O.B. FILES,"","",3822279
481973,"",3822918,"","","","", ,23,"",TEMPORARY DEPARTMENT OF BUILDINGS BIN: EXISTS ONLY IN D.O.B. FILES,"","",3822918
481974,"",3824848,"","","","", ,23,"",TEMPORARY DEPARTMENT OF BUILDINGS BIN: EXISTS ONLY IN D.O.B. FILES,"","",3824848
481975,"",3825134,"","","","", ,23,"",TEMPORARY DEPARTMENT OF BUILDINGS BIN: EXISTS ONLY IN D.O.B. FILES,"","",3825134
481976,"",3825716,"","","","", ,23,"",TEMPORARY DEPARTMENT OF BUILDINGS BIN: EXISTS ONLY IN D.O.B. FILES,"","",3825716
481977,"",3826446,"","","","", ,23,"",TEMPORARY DEPARTMENT OF BUILDINGS BIN: EXISTS ONLY IN D.O.B. FILES,"","",3826446
481978,"",3827326,"","","","", ,23,"",TEMPORARY DEPARTMENT OF BUILDINGS BIN: EXISTS ONLY IN D.O.B. FILES,"","",3827326
481979,"",3827363,"","","","", ,23,"",TEMPORARY DEPARTMENT OF BUILDINGS BIN: EXISTS ONLY IN D.O.B. FILES,"","",3827363
481980,"",3827958,"","","","", ,23,"",TEMPORARY DEPARTMENT OF BUILDINGS BIN: EXISTS ONLY IN D.O.B. FILES,"","",3827958
481981,"",3827986,"","","","", ,23,"",TEMPORARY DEPARTMENT OF BUILDINGS BIN: EXISTS ONLY IN D.O.B. FILES,"","",3827986
481982,"",3828695,"","","","", ,23,"",TEMPORARY DEPARTMENT OF BUILDINGS BIN: EXISTS ONLY IN D.O.B. FILES,"","",3828695
481983,"",3829229,"","","","", ,23,"",TEMPORARY DEPARTMENT OF BUILDINGS BIN: EXISTS ONLY IN D.O.B. FILES,"","",3829229
481984,"",3829357,"","","","", ,23,"",TEMPORARY DEPARTMENT OF BUILDINGS BIN: EXISTS ONLY IN D.O.B. FILES,"","",3829357
481985,"",3829476,"","","","", ,23,"",TEMPORARY DEPARTMENT OF BUILDINGS BIN: EXISTS ONLY IN D.O.B. FILES,"","",3829476
481986,"",3829719,"","","","", ,23,"",TEMPORARY DEPARTMENT OF BUILDINGS BIN: EXISTS ONLY IN D.O.B. FILES,"","",3829719
481987,"",3829804,"","","","", ,23,"",TEMPORARY DEPARTMENT OF BUILDINGS BIN: EXISTS ONLY IN D.O.B. FILES,"","",3829804
481988,"",3830150,"","","","", ,23,"",TEMPORARY DEPARTMENT OF BUILDINGS BIN: EXISTS ONLY IN D.O.B. FILES,"","",3830150
481989,"",3836860,"","","","", ,23,"",TEMPORARY DEPARTMENT OF BUILDINGS BIN: EXISTS ONLY IN D.O.B. FILES,"","",3836860
481990,"",3838071,"","","","", ,23,"",TEMPORARY DEPARTMENT OF BUILDINGS BIN: EXISTS ONLY IN D.O.B. FILES,"","",3838071
481991,"",3845593,"","","","", ,23,"",TEMPORARY DEPARTMENT OF BUILDINGS BIN: EXISTS ONLY IN D.O.B. FILES,"","",3845593
481992,"",3846796,"","","","", ,23,"",TEMPORARY DEPARTMENT OF BUILDINGS BIN: EXISTS ONLY IN D.O.B. FILES,"","",3846796
481993,"",3847142,"","","","", ,23,"",TEMPORARY DEPARTMENT OF BUILDINGS BIN: EXISTS ONLY IN D.O.B. FILES,"","",3847142
481994,"",3849232,"","","","", ,23,"",TEMPORARY DEPARTMENT OF BUILDINGS BIN: EXISTS ONLY IN D.O.B. FILES,"","",3849232
481995,"",3850031,"","","","", ,23,"",TEMPORARY DEPARTMENT OF BUILDINGS BIN: EXISTS ONLY IN D.O.B. FILES,"","",3850031
481996,"",3850920,"","","","", ,23,"",TEMPORARY DEPARTMENT OF BUILDINGS BIN: EXISTS ONLY IN D.O.B. FILES,"","",3850920
481997,"",3851216,"","","","", ,23,"",TEMPORARY DEPARTMENT OF BUILDINGS BIN: EXISTS ONLY IN D.O.B. FILES,"","",3851216
481998,"",3851313,"","","","", ,23,"",TEMPORARY DEPARTMENT OF BUILDINGS BIN: EXISTS ONLY IN D.O.B. FILES,"","",3851313
481999,"",3851595,"","","","", ,23,"",TEMPORARY DEPARTMENT OF BUILDINGS BIN: EXISTS ONLY IN D.O.B. FILES,"","",3851595
482000,"",3851635,"","","","", ,23,"",TEMPORARY DEPARTMENT OF BUILDINGS BIN: EXISTS ONLY IN D.O.B. FILES,"","",3851635
482001,"",3852403,"","","","", ,23,"",TEMPORARY DEPARTMENT OF BUILDINGS BIN: EXISTS ONLY IN D.O.B. FILES,"","",3852403
482002,"",3852781,"","","","", ,23,"",TEMPORARY DEPARTMENT OF BUILDINGS BIN: EXISTS ONLY IN D.O.B. FILES,"","",3852781
482003,"",3853138,"","","","", ,23,"",TEMPORARY DEPARTMENT OF BUILDINGS BIN: EXISTS ONLY IN D.O.B. FILES,"","",3853138
482004,"",3853635,"","","","", ,23,"",TEMPORARY DEPARTMENT OF BUILDINGS BIN: EXISTS ONLY IN D.O.B. FILES,"","",3853635
482005,"",3853762,"","","","", ,23,"",TEMPORARY DEPARTMENT OF BUILDINGS BIN: EXISTS ONLY IN D.O.B. FILES,"","",3853762
482006,"",3854305,"","","","", ,23,"",TEMPORARY DEPARTMENT OF BUILDINGS BIN: EXISTS ONLY IN D.O.B. FILES,"","",3854305
943223,"",4815874,"","","","", ,23,"",TEMPORARY DEPARTMENT OF BUILDINGS BIN: EXISTS ONLY IN D.O.B. FILES,"","",4815874
943224,"",4850478,"","","","", ,23,"",TEMPORARY DEPARTMENT OF BUILDINGS BIN: EXISTS ONLY IN D.O.B. FILES,"","",4850478
943225,"",4852260,"","","","", ,23,"",TEMPORARY DEPARTMENT OF BUILDINGS BIN: EXISTS ONLY IN D.O.B. FILES,"","",4852260
943226,"",4854202,"","","","", ,23,"",TEMPORARY DEPARTMENT OF BUILDINGS BIN: EXISTS ONLY IN D.O.B. FILES,"","",4854202
943227,"",4859982,"","","","", ,23,"",TEMPORARY DEPARTMENT OF BUILDINGS BIN: EXISTS ONLY IN D.O.B. FILES,"","",4859982
943228,"",4862692,"","","","", ,23,"",TEMPORARY DEPARTMENT OF BUILDINGS BIN: EXISTS ONLY IN D.O.B. FILES,"","",4862692
943229,"",4864282,"","","","", ,23,"",TEMPORARY DEPARTMENT OF BUILDINGS BIN: EXISTS ONLY IN D.O.B. FILES,"","",4864282
943230,"",4864525,"","","","", ,23,"",TEMPORARY DEPARTMENT OF BUILDINGS BIN: EXISTS ONLY IN D.O.B. FILES,"","",4864525
943231,"",5000000,"","","","", ,22,"","INVALID BIN FORMAT: NON-NUMERIC, FIRST DIGIT NOT 1-5 OR REST OF DIGITS ALL ZERO","","",5000000
943232,"",5000000,"","","","", ,22,"","INVALID BIN FORMAT: NON-NUMERIC, FIRST DIGIT NOT 1-5 OR REST OF DIGITS ALL ZERO","","",5000000
943233,"",5000000,"","","","", ,22,"","INVALID BIN FORMAT: NON-NUMERIC, FIRST DIGIT NOT 1-5 OR REST OF DIGITS ALL ZERO","","",5000000
943234,"",5000000,"","","","", ,22,"","INVALID BIN FORMAT: NON-NUMERIC, FIRST DIGIT NOT 1-5 OR REST OF DIGITS ALL ZERO","","",5000000
943235,"",5000000,"","","","", ,22,"","INVALID BIN FORMAT: NON-NUMERIC, FIRST DIGIT NOT 1-5 OR REST OF DIGITS ALL ZERO","","",5000000
943236,"",5000000,"","","","", ,22,"","INVALID BIN FORMAT: NON-NUMERIC, FIRST DIGIT NOT 1-5 OR REST OF DIGITS ALL ZERO","","",5000000
943237,"",5000000,"","","","", ,22,"","INVALID BIN FORMAT: NON-NUMERIC, FIRST DIGIT NOT 1-5 OR REST OF DIGITS ALL ZERO","","",5000000
943238,"",5000000,"","","","", ,22,"","INVALID BIN FORMAT: NON-NUMERIC, FIRST DIGIT NOT 1-5 OR REST OF DIGITS ALL ZERO","","",5000000
943239,"",5000000,"","","","", ,22,"","INVALID BIN FORMAT: NON-NUMERIC, FIRST DIGIT NOT 1-5 OR REST OF DIGITS ALL ZERO","","",5000000
1084655,"",5806149,"","","","", ,23,"",TEMPORARY DEPARTMENT OF BUILDINGS BIN: EXISTS ONLY IN D.O.B. FILES,"","",5806149
1084656,"",5808758,"","","","", ,23,"",TEMPORARY DEPARTMENT OF BUILDINGS BIN: EXISTS ONLY IN D.O.B. FILES,"","",5808758
1084657,"",5812042,"","","","", ,23,"",TEMPORARY DEPARTMENT OF BUILDINGS BIN: EXISTS ONLY IN D.O.B. FILES,"","",5812042
1084658,"",5816248,"","","","", ,23,"",TEMPORARY DEPARTMENT OF BUILDINGS BIN: EXISTS ONLY IN D.O.B. FILES,"","",5816248
1084659,"",5816279,"","","","", ,23,"",TEMPORARY DEPARTMENT OF BUILDINGS BIN: EXISTS ONLY IN D.O.B. FILES,"","",5816279
1084660,"",5817541,"","","","", ,23,"",TEMPORARY DEPARTMENT OF BUILDINGS BIN: EXISTS ONLY IN D.O.B. FILES,"","",5817541
1084661,"",5817731,"","","","", ,23,"",TEMPORARY DEPARTMENT OF BUILDINGS BIN: EXISTS ONLY IN D.O.B. FILES,"","",5817731
1084662,"",5819402,"","","","", ,23,"",TEMPORARY DEPARTMENT OF BUILDINGS BIN: EXISTS ONLY IN D.O.B. FILES,"","",5819402
1084663,"",5820190,"","","","", ,23,"",TEMPORARY DEPARTMENT OF BUILDINGS BIN: EXISTS ONLY IN D.O.B. FILES,"","",5820190
1084664,"",5820636,"","","","", ,23,"",TEMPORARY DEPARTMENT OF BUILDINGS BIN: EXISTS ONLY IN D.O.B. FILES,"","",5820636
1084665,"",5820638,"","","","", ,23,"",TEMPORARY DEPARTMENT OF BUILDINGS BIN: EXISTS ONLY IN D.O.B. FILES,"","",5820638
1084666,"",5822689,"","","","", ,23,"",TEMPORARY DEPARTMENT OF BUILDINGS BIN: EXISTS ONLY IN D.O.B. FILES,"","",5822689
1084667,"",5822692,"","","","", ,23,"",TEMPORARY DEPARTMENT OF BUILDINGS BIN: EXISTS ONLY IN D.O.B. FILES,"","",5822692
1084668,"",5831686,"","","","", ,23,"",TEMPORARY DEPARTMENT OF BUILDINGS BIN: EXISTS ONLY IN D.O.B. FILES,"","",5831686
1084669,"",5834456,"","","","", ,23,"",TEMPORARY DEPARTMENT OF BUILDINGS BIN: EXISTS ONLY IN D.O.B. FILES,"","",5834456
1084670,"",5837105,"","","","", ,23,"",TEMPORARY DEPARTMENT OF BUILDINGS BIN: EXISTS ONLY IN D.O.B. FILES,"","",5837105
1084671,"",5843171,"","","","", ,23,"",TEMPORARY DEPARTMENT OF BUILDINGS BIN: EXISTS ONLY IN D.O.B. FILES,"","",5843171
1084672,"",5843173,"","","","", ,23,"",TEMPORARY DEPARTMENT OF BUILDINGS BIN: EXISTS ONLY IN D.O.B. FILES,"","",5843173
1084673,"",5843175,"","","","", ,23,"",TEMPORARY DEPARTMENT OF BUILDINGS BIN: EXISTS ONLY IN D.O.B. FILES,"","",5843175
1084674,"",5843177,"","","","", ,23,"",TEMPORARY DEPARTMENT OF BUILDINGS BIN: EXISTS ONLY IN D.O.B. FILES,"","",5843177
1084675,"",5848012,"","","","", ,23,"",TEMPORARY DEPARTMENT OF BUILDINGS BIN: EXISTS ONLY IN D.O.B. FILES,"","",5848012
1084676,"",5856338,"","","","", ,23,"",TEMPORARY DEPARTMENT OF BUILDINGS BIN: EXISTS ONLY IN D.O.B. FILES,"","",5856338
1084677,"",5856340,"","","","", ,23,"",TEMPORARY DEPARTMENT OF BUILDINGS BIN: EXISTS ONLY IN D.O.B. FILES,"","",5856340
1084678,"",5856342,"","","","", ,23,"",TEMPORARY DEPARTMENT OF BUILDINGS BIN: EXISTS ONLY IN D.O.B. FILES,"","",5856342
1084679,"",5856344,"","","","", ,23,"",TEMPORARY DEPARTMENT OF BUILDINGS BIN: EXISTS ONLY IN D.O.B. FILES,"","",5856344
1084680,"",5856346,"","","","", ,23,"",TEMPORARY DEPARTMENT OF BUILDINGS BIN: EXISTS ONLY IN D.O.B. FILES,"","",5856346
1084681,"",5856348,"","","","", ,23,"",TEMPORARY DEPARTMENT OF BUILDINGS BIN: EXISTS ONLY IN D.O.B. FILES,"","",5856348
1084682,"",5859159,"","","","", ,23,"",TEMPORARY DEPARTMENT OF BUILDINGS BIN: EXISTS ONLY IN D.O.B. FILES,"","",5859159
1084683,"",5859972,"","","","", ,23,"",TEMPORARY DEPARTMENT OF BUILDINGS BIN: EXISTS ONLY IN D.O.B. FILES,"","",5859972
1084684,"",5862177,"","","","", ,23,"",TEMPORARY DEPARTMENT OF BUILDINGS BIN: EXISTS ONLY IN D.O.B. FILES,"","",5862177
1084685,"",5862178,"","","","", ,23,"",TEMPORARY DEPARTMENT OF BUILDINGS BIN: EXISTS ONLY IN D.O.B. FILES,"","",5862178
1084686,"",5862179,"","","","", ,23,"",TEMPORARY DEPARTMENT OF BUILDINGS BIN: EXISTS ONLY IN D.O.B. FILES,"","",5862179
1084687,"",5862377,"","","","", ,23,"",TEMPORARY DEPARTMENT OF BUILDINGS BIN: EXISTS ONLY IN D.O.B. FILES,"","",5862377
1084688,"",5862609,"","","","", ,23,"",TEMPORARY DEPARTMENT OF BUILDINGS BIN: EXISTS ONLY IN D.O.B. FILES,"","",5862609
1084689,"",5862995,"","","","", ,23,"",TEMPORARY DEPARTMENT OF BUILDINGS BIN: EXISTS ONLY IN D.O.B. FILES,"","",5862995
1084690,"",5863259,"","","","", ,23,"",TEMPORARY DEPARTMENT OF BUILDINGS BIN: EXISTS ONLY IN D.O.B. FILES,"","",5863259
1084691,"",5863478,"","","","", ,23,"",TEMPORARY DEPARTMENT OF BUILDINGS BIN: EXISTS ONLY IN D.O.B. FILES,"","",5863478
1084692,"",5863738,"","","","", ,23,"",TEMPORARY DEPARTMENT OF BUILDINGS BIN: EXISTS ONLY IN D.O.B. FILES,"","",5863738
