geo_bbl,geo_bin,geo_tpad_new_bin,geo_tpad_new_bin_status,geo_tpad_dm_bin_status,geo_tpad_conflict_flag,geo_tpad_bin_status,geo_return_code,geo_return_code_2,geo_message,geo_message_2,geo_reason_code
"",3852781,"","","","", ,23,"",TEMPORARY DEPARTMENT OF BUILDINGS BIN: EXISTS ONLY IN D.O.B. FILES,"",""
"",3000000,"","","","", ,22,"","INVALID BIN FORMAT: NON-NUMERIC, FIRST DIGIT NOT 1-5 OR REST OF DIGITS ALL ZERO","",""
3033660028,3422548,"","",0,E,0,01,"","BIN FOUND IN TPAD, NOT FOUND IN PAD","",*
2033540041,2128259,2128259,0,"",2,0,01,"","TPAD BBL USED, NO EXISTING PAD BBL","",*
2046170057,2127884,2127884,0,0,E,0,01,"","BIN FOUND IN TPAD, NOT FOUND IN PAD","",*
2042690006,2120279,2120279,0,0,E,0,01,"","BIN FOUND IN TPAD, NOT FOUND IN PAD","",*
"",2813606,"","","","", ,23,"",TEMPORARY DEPARTMENT OF BUILDINGS BIN: EXISTS ONLY IN D.O.B. FILES,"",""
2046170056,2127883,2127883,0,0,E,0,01,"","BIN FOUND IN TPAD, NOT FOUND IN PAD","",*
"",2000000,"","","","", ,22,"","INVALID BIN FORMAT: NON-NUMERIC, FIRST DIGIT NOT 1-5 OR REST OF DIGITS ALL ZERO","",""
"",2812980,"","","","", ,23,"",TEMPORARY DEPARTMENT OF BUILDINGS BIN: EXISTS ONLY IN D.O.B. FILES,"",""
"",2821841,"","","","", ,23,"",TEMPORARY DEPARTMENT OF BUILDINGS BIN: EXISTS ONLY IN D.O.B. FILES,"",""
2046170055,2128744,2128744,0,0,E,0,01,"","BIN FOUND IN TPAD, NOT FOUND IN PAD","",*
2039910025,2128718,"","",0,E,0,01,"","BIN FOUND IN TPAD, NOT FOUND IN PAD","",*
2028740001,2127017,"","",0,E,0,01,"","BIN FOUND IN TPAD, NOT FOUND IN PAD","",*
"",2813827,"","","","", ,23,"",TEMPORARY DEPARTMENT OF BUILDINGS BIN: EXISTS ONLY IN D.O.B. FILES,"",""
2044570030,2127438,2127438,0,0,E,0,01,"","BIN FOUND IN TPAD, NOT FOUND IN PAD","",*
4000780041,4618218,4618218,0,"",2,0,01,"","TPAD BBL USED, NO EXISTING PAD BBL","",*
"",1803994,"","","","", ,23,"",TEMPORARY DEPARTMENT OF BUILDINGS BIN: EXISTS ONLY IN D.O.B. FILES,"",""
3030520019,3424510,"","",0,E,0,01,"","BIN FOUND IN TPAD, NOT FOUND IN PAD","",*
2050300035,2127106,"","",0,E,0,01,"","BIN FOUND IN TPAD, NOT FOUND IN PAD","",*
2050300036,2127107,"","",0,E,0,01,"","BIN FOUND IN TPAD, NOT FOUND IN PAD","",*
2028630017,2124650,2124650,0,0,E,0,01,"","BIN FOUND IN TPAD, NOT FOUND IN PAD","",*
"",2809975,"","","","", ,23,"",TEMPORARY DEPARTMENT OF BUILDINGS BIN: EXISTS ONLY IN D.O.B. FILES,"",""
2050300037,2127108,"","",0,E,0,01,"","BIN FOUND IN TPAD, NOT FOUND IN PAD","",*
"",2000000,"","","","", ,22,"","INVALID BIN FORMAT: NON-NUMERIC, FIRST DIGIT NOT 1-5 OR REST OF DIGITS ALL ZERO","",""
2027440034,2129172,2129172,1,1,E,1,01,"","BIN FOUND IN TPAD, NOT FOUND IN PAD","",*
2050260057,2127114,"","",0,E,0,01,"","BIN FOUND IN TPAD, NOT FOUND IN PAD","",*
2050260059,2127113,2127113,0,0,E,0,01,"","BIN FOUND IN TPAD, NOT FOUND IN PAD","",*
2050260061,2129042,2129042,0,0,E,0,01,"","BIN FOUND IN TPAD, NOT FOUND IN PAD","",*
3050390075,3426144,3426144,0,0,E,0,01,"","BIN FOUND IN TPAD, NOT FOUND IN PAD","",*
2046610068,2127880,2127880,0,0,E,0,01,"","BIN FOUND IN TPAD, NOT FOUND IN PAD","",*
2046770130,2127112,"","",0,E,0,01,"","BIN FOUND IN TPAD, NOT FOUND IN PAD","",*
5065170045,5164729,"","",0,E,0,01,"","BIN FOUND IN TPAD, NOT FOUND IN PAD","",*
2026200035,2128779,2128779,0,0,E,0,01,"","BIN FOUND IN TPAD, NOT FOUND IN PAD","",*
5005690363,5158643,"","",0,E,0,01,"","BIN FOUND IN TPAD, NOT FOUND IN PAD","",*
2031110001,2127327,2127327,0,0,E,0,01,"","BIN FOUND IN TPAD, NOT FOUND IN PAD","",*
5072670092,5165058,5165058,0,0,E,0,01,"","BIN FOUND IN TPAD, NOT FOUND IN PAD","",*
5072670298,5165050,5165050,0,0,E,0,01,"","BIN FOUND IN TPAD, NOT FOUND IN PAD","",*
5072670296,5165052,5165052,0,0,E,0,01,"","BIN FOUND IN TPAD, NOT FOUND IN PAD","",*
5072670294,5165054,5165054,0,0,E,0,01,"","BIN FOUND IN TPAD, NOT FOUND IN PAD","",*
5072670293,5165056,5165056,0,0,E,0,01,"","BIN FOUND IN TPAD, NOT FOUND IN PAD","",*
5072670289,5165059,5165059,0,0,E,0,01,"","BIN FOUND IN TPAD, NOT FOUND IN PAD","",*
5072670089,5165060,"","",0,E,0,01,"","BIN FOUND IN TPAD, NOT FOUND IN PAD","",*
1007600020,1090379,1090379,0,0,E,0,01,"","BIN FOUND IN TPAD, NOT FOUND IN PAD","",*
"",4000000,"","","","", ,22,"","INVALID BIN FORMAT: NON-NUMERIC, FIRST DIGIT NOT 1-5 OR REST OF DIGITS ALL ZERO","",""
4161660020,4436540,"","","",2,6,01,"","TPAD BBL USED, NO EXISTING PAD BBL","",*
"",4850478,"","","","", ,23,"",TEMPORARY DEPARTMENT OF BUILDINGS BIN: EXISTS ONLY IN D.O.B. FILES,"",""
5072670297,5165051,5165051,0,0,E,0,01,"","BIN FOUND IN TPAD, NOT FOUND IN PAD","",*
5072670299,5165049,5165049,0,0,E,0,01,"","BIN FOUND IN TPAD, NOT FOUND IN PAD","",*
5072670295,5165053,5165053,0,0,E,0,01,"","BIN FOUND IN TPAD, NOT FOUND IN PAD","",*
5072670094,5165055,5165055,0,0,E,0,01,"","BIN FOUND IN TPAD, NOT FOUND IN PAD","",*
"",2000000,"","","","", ,22,"","INVALID BIN FORMAT: NON-NUMERIC, FIRST DIGIT NOT 1-5 OR REST OF DIGITS ALL ZERO","",""
4005310011,4618319,4618319,0,0,E,0,01,"","BIN FOUND IN TPAD, NOT FOUND IN PAD","",*
5072670292,5165057,5165057,0,0,E,0,01,"","BIN FOUND IN TPAD, NOT FOUND IN PAD","",*
2047900035,2124657,2124657,0,0,E,0,01,"","BIN FOUND IN TPAD, NOT FOUND IN PAD","",*
2047900036,2124626,2124626,0,0,E,0,01,"","BIN FOUND IN TPAD, NOT FOUND IN PAD","",*
2039670034,2119402,2119402,0,0,E,0,01,"","BIN FOUND IN TPAD, NOT FOUND IN PAD","",*
2040050001,2127269,2127269,0,0,E,0,01,"","BIN FOUND IN TPAD, NOT FOUND IN PAD","",*
5028460012,5170928,"","",0,E,0,01,"","BIN FOUND IN TPAD, NOT FOUND IN PAD","",*
5028460012,5170926,"","",0,E,0,01,"","BIN FOUND IN TPAD, NOT FOUND IN PAD","",*
5028460025,5170925,5170925,0,0,E,0,01,"","BIN FOUND IN TPAD, NOT FOUND IN PAD","",*
5028460012,5170927,"","",0,E,0,01,"","BIN FOUND IN TPAD, NOT FOUND IN PAD","",*
5065230110,5158322,"","",1,E,1,01,"","BIN FOUND IN TPAD, NOT FOUND IN PAD","",*
4012990037,4593907,4618181,0,1,E,1,01,"","BIN FOUND IN TPAD, NOT FOUND IN PAD","",*
5070940003,5166449,5166449,0,0,E,0,01,"","BIN FOUND IN TPAD, NOT FOUND IN PAD","",*
"",1813445,"","","","", ,23,"",TEMPORARY DEPARTMENT OF BUILDINGS BIN: EXISTS ONLY IN D.O.B. FILES,"",""
2024590053,2129192,2129192,0,0,E,0,01,"","BIN FOUND IN TPAD, NOT FOUND IN PAD","",*
"",2803386,"","","","", ,23,"",TEMPORARY DEPARTMENT OF BUILDINGS BIN: EXISTS ONLY IN D.O.B. FILES,"",""
2029400036,2128748,2128748,0,0,E,0,01,"","BIN FOUND IN TPAD, NOT FOUND IN PAD","",*
"",3810848,"","","","", ,23,"",TEMPORARY DEPARTMENT OF BUILDINGS BIN: EXISTS ONLY IN D.O.B. FILES,"",""
"",3811163,"","","","", ,23,"",TEMPORARY DEPARTMENT OF BUILDINGS BIN: EXISTS ONLY IN D.O.B. FILES,"",""
3033140057,3425795,3425795,0,"",2,0,01,"","TPAD BBL USED, NO EXISTING PAD BBL","",*
1007160015,1089965,1089965,0,"",2,0,01,"","TPAD BBL USED, NO EXISTING PAD BBL","",*
4019500032,4542475,4542475,1,1,E,1,01,"","BIN FOUND IN TPAD, NOT FOUND IN PAD","",*
2039520008,2118461,"","",0,E,0,01,"","BIN FOUND IN TPAD, NOT FOUND IN PAD","",*
5011860050,5151948,5151948,0,"",2,0,01,"","TPAD BBL USED, NO EXISTING PAD BBL","",*
4012470041,4539179,4539179,0,0,E,0,01,"","BIN FOUND IN TPAD, NOT FOUND IN PAD","",*
1006970027,1088782,"","",0,E,0,01,"","BIN FOUND IN TPAD, NOT FOUND IN PAD","",*
3005870017,3412866,3412866,0,0,E,0,01,"","BIN FOUND IN TPAD, NOT FOUND IN PAD","",*
3004300050,3414209,3414209,0,0,E,0,01,"","BIN FOUND IN TPAD, NOT FOUND IN PAD","",*
"",2802878,"","","","", ,23,"",TEMPORARY DEPARTMENT OF BUILDINGS BIN: EXISTS ONLY IN D.O.B. FILES,"",""
"",2000000,"","","","", ,22,"","INVALID BIN FORMAT: NON-NUMERIC, FIRST DIGIT NOT 1-5 OR REST OF DIGITS ALL ZERO","",""
2027690090,2120353,2120353,1,1,E,1,01,"","BIN FOUND IN TPAD, NOT FOUND IN PAD","",*
3005460001,3398003,"","",1,E,1,01,"","BIN FOUND IN TPAD, NOT FOUND IN PAD","",*
3005460002,3398005,3398005,1,1,E,1,01,"","BIN FOUND IN TPAD, NOT FOUND IN PAD","",*
2057120130,2128630,"","",0,E,0,01,"","BIN FOUND IN TPAD, NOT FOUND IN PAD","",*
2056290127,2127054,2127054,0,0,E,0,01,"","BIN FOUND IN TPAD, NOT FOUND IN PAD","",*
2058880167,2116964,"","",1,E,1,01,"","BIN FOUND IN TPAD, NOT FOUND IN PAD","",*
"",2000000,"","","","", ,22,"","INVALID BIN FORMAT: NON-NUMERIC, FIRST DIGIT NOT 1-5 OR REST OF DIGITS ALL ZERO","",""
2058880167,2116965,"","",1,E,1,01,"","BIN FOUND IN TPAD, NOT FOUND IN PAD","",*
2030710045,2128797,2128797,0,0,E,0,01,"","BIN FOUND IN TPAD, NOT FOUND IN PAD","",*
2049400059,2124690,2124690,0,0,E,0,01,"","BIN FOUND IN TPAD, NOT FOUND IN PAD","",*
4135010054,4618626,4618626,0,0,E,0,01,"","BIN FOUND IN TPAD, NOT FOUND IN PAD","",*
4135010055,4618627,"","",0,E,0,01,"","BIN FOUND IN TPAD, NOT FOUND IN PAD","",*
3038170020,3421374,"","",0,E,0,01,"","BIN FOUND IN TPAD, NOT FOUND IN PAD","",*
2049400060,2124691,"","",0,E,0,01,"","BIN FOUND IN TPAD, NOT FOUND IN PAD","",*
2051410032,2128646,"","",0,E,0,01,"","BIN FOUND IN TPAD, NOT FOUND IN PAD","",*
"",2831887,"","","","", ,23,"",TEMPORARY DEPARTMENT OF BUILDINGS BIN: EXISTS ONLY IN D.O.B. FILES,"",""
2023610025,2127130,"","",0,E,0,01,"","BIN FOUND IN TPAD, NOT FOUND IN PAD","",*
2042990003,2127445,2127445,0,0,E,0,01,"","BIN FOUND IN TPAD, NOT FOUND IN PAD","",*
2044650011,2127055,"","",0,E,0,01,"","BIN FOUND IN TPAD, NOT FOUND IN PAD","",*
"",3850920,"","","","", ,23,"",TEMPORARY DEPARTMENT OF BUILDINGS BIN: EXISTS ONLY IN D.O.B. FILES,"",""
2043140036,2128364,2128364,0,0,E,0,01,"","BIN FOUND IN TPAD, NOT FOUND IN PAD","",*
3009647501,3424500,"","",0,E,0,01,"","BIN FOUND IN TPAD, NOT FOUND IN PAD","",*
4008720007,4618293,4618293,0,0,E,0,01,"","BIN FOUND IN TPAD, NOT FOUND IN PAD","",*
3035860024,3424483,3424483,0,0,E,0,01,"","BIN FOUND IN TPAD, NOT FOUND IN PAD","",*
3009790018,3425302,3425302,0,0,E,0,01,"","BIN FOUND IN TPAD, NOT FOUND IN PAD","",*
3050880021,3428516,"","",0,E,0,01,"","BIN FOUND IN TPAD, NOT FOUND IN PAD","",*
3057050056,3418431,3418431,0,0,E,0,01,"","BIN FOUND IN TPAD, NOT FOUND IN PAD","",*
3050070047,3424228,"","",0,E,0,01,"","BIN FOUND IN TPAD, NOT FOUND IN PAD","",*
3032540056,3425730,3425730,0,0,E,0,01,"","BIN FOUND IN TPAD, NOT FOUND IN PAD","",*
3032540055,3425731,3425731,0,0,E,0,01,"","BIN FOUND IN TPAD, NOT FOUND IN PAD","",*
3050080035,3425453,3425453,0,0,E,0,01,"","BIN FOUND IN TPAD, NOT FOUND IN PAD","",*
3050080034,3426448,3426448,0,0,E,0,01,"","BIN FOUND IN TPAD, NOT FOUND IN PAD","",*
3025130029,3426270,"","",0,E,0,01,"","BIN FOUND IN TPAD, NOT FOUND IN PAD","",*
3018390035,3425716,"","",0,E,0,01,"","BIN FOUND IN TPAD, NOT FOUND IN PAD","",*
3002950014,3425565,3425565,0,0,E,0,01,"","BIN FOUND IN TPAD, NOT FOUND IN PAD","",*
3009580004,3425188,3425188,0,0,E,0,01,"","BIN FOUND IN TPAD, NOT FOUND IN PAD","",*
3012090064,3426131,3426131,0,0,E,0,01,"","BIN FOUND IN TPAD, NOT FOUND IN PAD","",*
3012090062,3425461,3425461,0,0,E,0,01,"","BIN FOUND IN TPAD, NOT FOUND IN PAD","",*
4055230020,4595980,4595980,0,"",2,0,01,"","TPAD BBL USED, NO EXISTING PAD BBL","",*
3051080061,3426127,"","",0,E,0,01,"","BIN FOUND IN TPAD, NOT FOUND IN PAD","",*
3055000035,3425031,"","",0,E,0,01,"","BIN FOUND IN TPAD, NOT FOUND IN PAD","",*
3055000036,3424077,3424077,0,0,E,0,01,"","BIN FOUND IN TPAD, NOT FOUND IN PAD","",*
3055000025,3418441,3418441,0,0,E,0,01,"","BIN FOUND IN TPAD, NOT FOUND IN PAD","",*
3057050053,3418265,3418265,0,0,E,0,01,"","BIN FOUND IN TPAD, NOT FOUND IN PAD","",*
4028200107,4617553,4617553,0,0,E,0,01,"","BIN FOUND IN TPAD, NOT FOUND IN PAD","",*
3017950015,3425853,3425853,0,0,E,0,01,"","BIN FOUND IN TPAD, NOT FOUND IN PAD","",*
3022420054,3413490,3413490,0,0,E,0,01,"","BIN FOUND IN TPAD, NOT FOUND IN PAD","",*
3022420053,3413489,3413489,0,0,E,0,01,"","BIN FOUND IN TPAD, NOT FOUND IN PAD","",*
3029220034,3425673,"","",0,E,0,01,"","BIN FOUND IN TPAD, NOT FOUND IN PAD","",*
3031710053,3424255,3424255,0,0,E,0,01,"","BIN FOUND IN TPAD, NOT FOUND IN PAD","",*
3023690028,3425786,3425786,0,0,E,0,01,"","BIN FOUND IN TPAD, NOT FOUND IN PAD","",*
3023690029,3425787,3425787,0,0,E,0,01,"","BIN FOUND IN TPAD, NOT FOUND IN PAD","",*
3052150053,3413937,"","",0,E,0,01,"","BIN FOUND IN TPAD, NOT FOUND IN PAD","",*
3056430049,3424783,3424783,0,0,E,0,01,"","BIN FOUND IN TPAD, NOT FOUND IN PAD","",*
3056770030,3425705,3425705,0,0,E,0,01,"","BIN FOUND IN TPAD, NOT FOUND IN PAD","",*
3008290028,3426151,3426151,1,1,E,1,01,"","BIN FOUND IN TPAD, NOT FOUND IN PAD","",*
3054980053,3421362,3421362,0,0,E,0,01,"","BIN FOUND IN TPAD, NOT FOUND IN PAD","",*
3055100036,3422393,3422393,0,0,E,0,01,"","BIN FOUND IN TPAD, NOT FOUND IN PAD","",*
3057130166,3422392,3422392,0,0,E,0,01,"","BIN FOUND IN TPAD, NOT FOUND IN PAD","",*
3057130167,3422391,3422391,0,0,E,0,01,"","BIN FOUND IN TPAD, NOT FOUND IN PAD","",*
3057130051,3426176,3426176,0,0,E,0,01,"","BIN FOUND IN TPAD, NOT FOUND IN PAD","",*
3061550055,3414011,3414011,0,0,E,0,01,"","BIN FOUND IN TPAD, NOT FOUND IN PAD","",*
3061550054,3414010,3414010,0,0,E,0,01,"","BIN FOUND IN TPAD, NOT FOUND IN PAD","",*
3055310061,3425921,"","",0,E,0,01,"","BIN FOUND IN TPAD, NOT FOUND IN PAD","",*
4054400181,4618367,4618367,0,0,E,0,01,"","BIN FOUND IN TPAD, NOT FOUND IN PAD","",*
4054400083,4616256,4616256,0,0,E,0,01,"","BIN FOUND IN TPAD, NOT FOUND IN PAD","",*
4054400084,4616258,4616258,0,0,E,0,01,"","BIN FOUND IN TPAD, NOT FOUND IN PAD","",*
4054400085,4616260,4616260,0,0,E,0,01,"","BIN FOUND IN TPAD, NOT FOUND IN PAD","",*
4066010028,4618475,4618475,0,0,E,0,01,"","BIN FOUND IN TPAD, NOT FOUND IN PAD","",*
3054470013,3422259,3422259,0,0,E,0,01,"","BIN FOUND IN TPAD, NOT FOUND IN PAD","",*
3054470014,3419125,3419125,0,"",2,0,01,"","TPAD BBL USED, NO EXISTING PAD BBL","",*
3019050040,3395087,3395087,2,"",2,2,01,"","TPAD BBL USED, NO EXISTING PAD BBL","",*
4073330201,4618164,"","",0,E,0,01,"","BIN FOUND IN TPAD, NOT FOUND IN PAD","",*
5040370079,5167048,5167048,0,0,E,0,01,"","BIN FOUND IN TPAD, NOT FOUND IN PAD","",*
3006300061,3426140,3426140,1,1,E,1,01,"","BIN FOUND IN TPAD, NOT FOUND IN PAD","",*
5033300014,5170419,5170418,0,0,E,0,01,"","BIN FOUND IN TPAD, NOT FOUND IN PAD","",*
3052150050,3413936,3413936,0,0,E,0,01,"","BIN FOUND IN TPAD, NOT FOUND IN PAD","",*
3052150153,3413939,"","",0,E,0,01,"","BIN FOUND IN TPAD, NOT FOUND IN PAD","",*
3073860166,3418320,3418320,0,0,E,0,01,"","BIN FOUND IN TPAD, NOT FOUND IN PAD","",*
3052150050,3413935,3413936,0,0,E,0,01,"","BIN FOUND IN TPAD, NOT FOUND IN PAD","",*
4011300052,4594874,4594874,0,0,E,0,01,"","BIN FOUND IN TPAD, NOT FOUND IN PAD","",*
3014670022,3421359,3421359,0,0,E,0,01,"","BIN FOUND IN TPAD, NOT FOUND IN PAD","",*
3070850113,3425481,3425481,0,0,E,0,01,"","BIN FOUND IN TPAD, NOT FOUND IN PAD","",*
5040370180,5167047,5167047,0,0,E,0,01,"","BIN FOUND IN TPAD, NOT FOUND IN PAD","",*
5040370179,5167046,5167046,0,0,E,0,01,"","BIN FOUND IN TPAD, NOT FOUND IN PAD","",*
5037980133,5171150,"","",0,E,0,01,"","BIN FOUND IN TPAD, NOT FOUND IN PAD","",*
5054070027,5169896,5169896,0,0,E,0,01,"","BIN FOUND IN TPAD, NOT FOUND IN PAD","",*
3071660033,3421815,3425601,0,0,E,0,01,"","BIN FOUND IN TPAD, NOT FOUND IN PAD","",*
4000060165,4617913,"","",0,E,0,01,"","BIN FOUND IN TPAD, NOT FOUND IN PAD","",*
3064020029,3414002,3414002,0,0,E,0,01,"","BIN FOUND IN TPAD, NOT FOUND IN PAD","",*
3048370027,3426069,"","",0,E,0,01,"","BIN FOUND IN TPAD, NOT FOUND IN PAD","",*
3017860051,3424419,3424419,0,0,E,0,01,"","BIN FOUND IN TPAD, NOT FOUND IN PAD","",*
3017880132,3421652,3421652,0,0,E,0,01,"","BIN FOUND IN TPAD, NOT FOUND IN PAD","",*
2056290241,2127329,2127329,0,0,E,0,01,"","BIN FOUND IN TPAD, NOT FOUND IN PAD","",*
5008820068,5168308,5168308,0,0,E,0,01,"","BIN FOUND IN TPAD, NOT FOUND IN PAD","",*
"",2817058,"","","","", ,23,"",TEMPORARY DEPARTMENT OF BUILDINGS BIN: EXISTS ONLY IN D.O.B. FILES,"",""
"",4000000,"","","","", ,22,"","INVALID BIN FORMAT: NON-NUMERIC, FIRST DIGIT NOT 1-5 OR REST OF DIGITS ALL ZERO","",""
"",2817489,"","","","", ,23,"",TEMPORARY DEPARTMENT OF BUILDINGS BIN: EXISTS ONLY IN D.O.B. FILES,"",""
"",2816157,"","","","", ,23,"",TEMPORARY DEPARTMENT OF BUILDINGS BIN: EXISTS ONLY IN D.O.B. FILES,"",""
2023720013,2128701,2128701,0,0,E,0,01,"","BIN FOUND IN TPAD, NOT FOUND IN PAD","",*
2033600077,2121025,"","",0,E,0,01,"","BIN FOUND IN TPAD, NOT FOUND IN PAD","",*
"",2817110,"","","","", ,23,"",TEMPORARY DEPARTMENT OF BUILDINGS BIN: EXISTS ONLY IN D.O.B. FILES,"",""
"",2000000,"","","","", ,22,"","INVALID BIN FORMAT: NON-NUMERIC, FIRST DIGIT NOT 1-5 OR REST OF DIGITS ALL ZERO","",""
2027620224,2119504,2119504,1,1,E,1,01,"","BIN FOUND IN TPAD, NOT FOUND IN PAD","",*
2031320002,2128733,2128733,0,"",2,0,01,"","TPAD BBL USED, NO EXISTING PAD BBL","",*
4113760023,4617796,4617796,0,0,E,0,01,"","BIN FOUND IN TPAD, NOT FOUND IN PAD","",*
2023890020,2129140,"","",1,E,1,01,"","BIN FOUND IN TPAD, NOT FOUND IN PAD","",*
2030310054,2127293,2127293,0,0,E,0,01,"","BIN FOUND IN TPAD, NOT FOUND IN PAD","",*
"",2811979,"","","","", ,23,"",TEMPORARY DEPARTMENT OF BUILDINGS BIN: EXISTS ONLY IN D.O.B. FILES,"",""
3023840022,3426443,3426443,0,0,E,0,01,"","BIN FOUND IN TPAD, NOT FOUND IN PAD","",*
3023840123,3426442,3426442,0,0,E,0,01,"","BIN FOUND IN TPAD, NOT FOUND IN PAD","",*
3023840124,3426441,3426441,0,0,E,0,01,"","BIN FOUND IN TPAD, NOT FOUND IN PAD","",*
2056550021,2129222,2129222,0,"",2,0,01,"","TPAD BBL USED, NO EXISTING PAD BBL","",*
2056550020,2129221,2129221,0,"",2,0,01,"","TPAD BBL USED, NO EXISTING PAD BBL","",*
"",2815154,"","","","", ,23,"",TEMPORARY DEPARTMENT OF BUILDINGS BIN: EXISTS ONLY IN D.O.B. FILES,"",""
2036220018,2127049,"","",0,E,0,01,"","BIN FOUND IN TPAD, NOT FOUND IN PAD","",*
2046710004,2129466,2129466,0,0,E,0,01,"","BIN FOUND IN TPAD, NOT FOUND IN PAD","",*
"",2000000,"","","","", ,22,"","INVALID BIN FORMAT: NON-NUMERIC, FIRST DIGIT NOT 1-5 OR REST OF DIGITS ALL ZERO","",""
2025260147,2127737,2127737,0,0,E,0,01,"","BIN FOUND IN TPAD, NOT FOUND IN PAD","",*
5031540014,5169228,5169228,0,0,E,0,01,"","BIN FOUND IN TPAD, NOT FOUND IN PAD","",*
5031540015,5169227,5169227,0,0,E,0,01,"","BIN FOUND IN TPAD, NOT FOUND IN PAD","",*
2032770025,2116952,2116952,1,"",2,1,01,"","TPAD BBL USED, NO EXISTING PAD BBL","",*
2046620065,2120087,2120087,0,0,E,0,01,"","BIN FOUND IN TPAD, NOT FOUND IN PAD","",*
2047160015,2126992,2126992,0,0,E,0,01,"","BIN FOUND IN TPAD, NOT FOUND IN PAD","",*
"",2831168,"","","","", ,23,"",TEMPORARY DEPARTMENT OF BUILDINGS BIN: EXISTS ONLY IN D.O.B. FILES,"",""
2046670037,2128436,2128436,0,0,E,0,01,"","BIN FOUND IN TPAD, NOT FOUND IN PAD","",*
2046670036,2128437,2128437,0,0,E,0,01,"","BIN FOUND IN TPAD, NOT FOUND IN PAD","",*
3032590049,3414094,3414094,0,0,E,0,01,"","BIN FOUND IN TPAD, NOT FOUND IN PAD","",*
"",3853138,"","","","", ,23,"",TEMPORARY DEPARTMENT OF BUILDINGS BIN: EXISTS ONLY IN D.O.B. FILES,"",""
3086950433,3428540,"","",0,E,0,01,"","BIN FOUND IN TPAD, NOT FOUND IN PAD","",*
"",3827958,"","","","", ,23,"",TEMPORARY DEPARTMENT OF BUILDINGS BIN: EXISTS ONLY IN D.O.B. FILES,"",""
"",3827986,"","","","", ,23,"",TEMPORARY DEPARTMENT OF BUILDINGS BIN: EXISTS ONLY IN D.O.B. FILES,"",""
3011220040,3425493,3425493,0,"",2,0,01,"","TPAD BBL USED, NO EXISTING PAD BBL","",*
"",3829357,"","","","", ,23,"",TEMPORARY DEPARTMENT OF BUILDINGS BIN: EXISTS ONLY IN D.O.B. FILES,"",""
"",3829476,"","","","", ,23,"",TEMPORARY DEPARTMENT OF BUILDINGS BIN: EXISTS ONLY IN D.O.B. FILES,"",""
3077750047,3418223,"","",0,E,0,01,"","BIN FOUND IN TPAD, NOT FOUND IN PAD","",*
"",3829804,"","","","", ,23,"",TEMPORARY DEPARTMENT OF BUILDINGS BIN: EXISTS ONLY IN D.O.B. FILES,"",""
3017610006,3414082,3414082,0,0,E,0,01,"","BIN FOUND IN TPAD, NOT FOUND IN PAD","",*
3017610008,3414080,3414080,0,0,E,0,01,"","BIN FOUND IN TPAD, NOT FOUND IN PAD","",*
3017610009,3414081,3414081,0,0,E,0,01,"","BIN FOUND IN TPAD, NOT FOUND IN PAD","",*
3022450062,3424165,3424165,0,0,E,0,01,"","BIN FOUND IN TPAD, NOT FOUND IN PAD","",*
3039830011,3397850,3397850,1,1,E,1,01,"","BIN FOUND IN TPAD, NOT FOUND IN PAD","",*
3039830012,3397851,3397851,1,1,E,1,01,"","BIN FOUND IN TPAD, NOT FOUND IN PAD","",*
3039830013,3397852,3397852,1,1,E,1,01,"","BIN FOUND IN TPAD, NOT FOUND IN PAD","",*
3039830014,3397853,3397853,1,1,E,1,01,"","BIN FOUND IN TPAD, NOT FOUND IN PAD","",*
3039830010,3397849,"","",1,E,1,01,"","BIN FOUND IN TPAD, NOT FOUND IN PAD","",*
3040780043,3421616,3421616,0,0,E,0,01,"","BIN FOUND IN TPAD, NOT FOUND IN PAD","",*
3020120001,3425692,"","",0,E,0,01,"","BIN FOUND IN TPAD, NOT FOUND IN PAD","",*
3031840062,3425723,"","",0,E,0,01,"","BIN FOUND IN TPAD, NOT FOUND IN PAD","",*
3033700006,3426485,3426485,0,0,E,0,01,"","BIN FOUND IN TPAD, NOT FOUND IN PAD","",*
"",3850031,"","","","", ,23,"",TEMPORARY DEPARTMENT OF BUILDINGS BIN: EXISTS ONLY IN D.O.B. FILES,"",""
2029240007,2128726,2128726,0,"",2,0,01,"","TPAD BBL USED, NO EXISTING PAD BBL","",*
3027430013,3426212,3426212,0,0,E,0,01,"","BIN FOUND IN TPAD, NOT FOUND IN PAD","",*
3045470003,3421941,3421941,0,0,E,0,01,"","BIN FOUND IN TPAD, NOT FOUND IN PAD","",*
"",3822279,"","","","", ,23,"",TEMPORARY DEPARTMENT OF BUILDINGS BIN: EXISTS ONLY IN D.O.B. FILES,"",""
"",2804365,"","","","", ,23,"",TEMPORARY DEPARTMENT OF BUILDINGS BIN: EXISTS ONLY IN D.O.B. FILES,"",""
2025480002,2128429,"","",0,E,0,01,"","BIN FOUND IN TPAD, NOT FOUND IN PAD","",*
"",3856600,"","","","", ,23,"",TEMPORARY DEPARTMENT OF BUILDINGS BIN: EXISTS ONLY IN D.O.B. FILES,"",""
"",3856485,"","","","", ,23,"",TEMPORARY DEPARTMENT OF BUILDINGS BIN: EXISTS ONLY IN D.O.B. FILES,"",""
2023140015,2128326,2129115,0,0,E,0,01,"","BIN FOUND IN TPAD, NOT FOUND IN PAD","",*
2024260001,2128408,"","",0,E,0,01,"","BIN FOUND IN TPAD, NOT FOUND IN PAD","",*
"",2805935,"","","","", ,23,"",TEMPORARY DEPARTMENT OF BUILDINGS BIN: EXISTS ONLY IN D.O.B. FILES,"",""
"",2806167,"","","","", ,23,"",TEMPORARY DEPARTMENT OF BUILDINGS BIN: EXISTS ONLY IN D.O.B. FILES,"",""
"",2830220,"","","","", ,23,"",TEMPORARY DEPARTMENT OF BUILDINGS BIN: EXISTS ONLY IN D.O.B. FILES,"",""
1006960054,1090407,"","",0,E,0,01,"","BIN FOUND IN TPAD, NOT FOUND IN PAD","",*
5033300014,5170418,5170418,0,0,E,0,01,"","BIN FOUND IN TPAD, NOT FOUND IN PAD","",*
3050570088,3423053,3423053,0,0,E,0,01,"","BIN FOUND IN TPAD, NOT FOUND IN PAD","",*
"",1801274,"","","","", ,23,"",TEMPORARY DEPARTMENT OF BUILDINGS BIN: EXISTS ONLY IN D.O.B. FILES,"",""
"",1801296,"","","","", ,23,"",TEMPORARY DEPARTMENT OF BUILDINGS BIN: EXISTS ONLY IN D.O.B. FILES,"",""
"",3000000,"","","","", ,22,"","INVALID BIN FORMAT: NON-NUMERIC, FIRST DIGIT NOT 1-5 OR REST OF DIGITS ALL ZERO","",""
"",1808858,"","","","", ,23,"",TEMPORARY DEPARTMENT OF BUILDINGS BIN: EXISTS ONLY IN D.O.B. FILES,"",""
3008860073,3397864,3397864,0,"",2,0,01,"","TPAD BBL USED, NO EXISTING PAD BBL","",*
3019840004,3418380,3418380,0,0,E,0,01,"","BIN FOUND IN TPAD, NOT FOUND IN PAD","",*
"",3851595,"","","","", ,23,"",TEMPORARY DEPARTMENT OF BUILDINGS BIN: EXISTS ONLY IN D.O.B. FILES,"",""
3066410038,3428576,"","",0,E,0,01,"","BIN FOUND IN TPAD, NOT FOUND IN PAD","",*
3029070009,3425717,3425717,0,0,E,0,01,"","BIN FOUND IN TPAD, NOT FOUND IN PAD","",*
2028100024,2128866,2128866,1,1,E,1,01,"","BIN FOUND IN TPAD, NOT FOUND IN PAD","",*
"",2806682,"","","","", ,23,"",TEMPORARY DEPARTMENT OF BUILDINGS BIN: EXISTS ONLY IN D.O.B. FILES,"",""
"",3818296,"","","","", ,23,"",TEMPORARY DEPARTMENT OF BUILDINGS BIN: EXISTS ONLY IN D.O.B. FILES,"",""
"",4000000,"","","","", ,22,"","INVALID BIN FORMAT: NON-NUMERIC, FIRST DIGIT NOT 1-5 OR REST OF DIGITS ALL ZERO","",""
"",3830150,"","","","", ,23,"",TEMPORARY DEPARTMENT OF BUILDINGS BIN: EXISTS ONLY IN D.O.B. FILES,"",""
4002687501,4617712,"","",0,E,0,01,"","BIN FOUND IN TPAD, NOT FOUND IN PAD","",*
"",3000000,"","","","", ,22,"","INVALID BIN FORMAT: NON-NUMERIC, FIRST DIGIT NOT 1-5 OR REST OF DIGITS ALL ZERO","",""
"",3000000,"","","","", ,22,"","INVALID BIN FORMAT: NON-NUMERIC, FIRST DIGIT NOT 1-5 OR REST OF DIGITS ALL ZERO","",""
3021330019,3398545,3398545,1,1,E,1,01,"","BIN FOUND IN TPAD, NOT FOUND IN PAD","",*
3065800017,3424450,3424450,0,"",2,0,01,"","TPAD BBL USED, NO EXISTING PAD BBL","",*
3002710034,3426107,"","",1,E,1,01,"","BIN FOUND IN TPAD, NOT FOUND IN PAD","",*
3003300048,3421389,3421389,0,"",2,0,01,"","TPAD BBL USED, NO EXISTING PAD BBL","",*
3003300047,3421388,3421388,0,"",2,0,01,"","TPAD BBL USED, NO EXISTING PAD BBL","",*
"",3000000,"","","","", ,22,"","INVALID BIN FORMAT: NON-NUMERIC, FIRST DIGIT NOT 1-5 OR REST OF DIGITS ALL ZERO","",""
3034220054,3421617,3421617,0,0,E,0,01,"","BIN FOUND IN TPAD, NOT FOUND IN PAD","",*
"",3826446,"","","","", ,23,"",TEMPORARY DEPARTMENT OF BUILDINGS BIN: EXISTS ONLY IN D.O.B. FILES,"",""
3054200008,3398554,3398554,1,"",2,1,01,"","TPAD BBL USED, NO EXISTING PAD BBL","",*
3018990058,3418412,3418412,0,0,E,0,01,"","BIN FOUND IN TPAD, NOT FOUND IN PAD","",*
"",3827326,"","","","", ,23,"",TEMPORARY DEPARTMENT OF BUILDINGS BIN: EXISTS ONLY IN D.O.B. FILES,"",""
3017620057,3421787,3421787,0,0,E,0,01,"","BIN FOUND IN TPAD, NOT FOUND IN PAD","",*
"",3827363,"","","","", ,23,"",TEMPORARY DEPARTMENT OF BUILDINGS BIN: EXISTS ONLY IN D.O.B. FILES,"",""
3014550070,3403261,"","",1,E,1,01,"","BIN FOUND IN TPAD, NOT FOUND IN PAD","",*
3054970019,3413701,3413701,0,"",2,0,01,"","TPAD BBL USED, NO EXISTING PAD BBL","",*
3074650046,3205068,"","","",2,6,01,"","TPAD BBL USED, NO EXISTING PAD BBL","",*
"",3854305,"","","","", ,23,"",TEMPORARY DEPARTMENT OF BUILDINGS BIN: EXISTS ONLY IN D.O.B. FILES,"",""
"",3846796,"","","","", ,23,"",TEMPORARY DEPARTMENT OF BUILDINGS BIN: EXISTS ONLY IN D.O.B. FILES,"",""
3017310030,3422099,"","",0,E,0,01,"","BIN FOUND IN TPAD, NOT FOUND IN PAD","",*
3050560012,3418100,3418100,0,0,E,0,01,"","BIN FOUND IN TPAD, NOT FOUND IN PAD","",*
3032750039,3425764,3425764,0,0,E,0,01,"","BIN FOUND IN TPAD, NOT FOUND IN PAD","",*
3032750036,3425762,3425762,0,0,E,0,01,"","BIN FOUND IN TPAD, NOT FOUND IN PAD","",*
3045270039,3414129,3414129,0,"",2,0,01,"","TPAD BBL USED, NO EXISTING PAD BBL","",*
3045270035,3422399,"","",0,E,0,01,"","BIN FOUND IN TPAD, NOT FOUND IN PAD","",*
3045270034,3422398,"","",0,E,0,01,"","BIN FOUND IN TPAD, NOT FOUND IN PAD","",*
3045270037,3422396,"","",0,E,0,01,"","BIN FOUND IN TPAD, NOT FOUND IN PAD","",*
"",3814607,"","","","", ,23,"",TEMPORARY DEPARTMENT OF BUILDINGS BIN: EXISTS ONLY IN D.O.B. FILES,"",""
"",3851313,"","","","", ,23,"",TEMPORARY DEPARTMENT OF BUILDINGS BIN: EXISTS ONLY IN D.O.B. FILES,"",""
"",3838071,"","","","", ,23,"",TEMPORARY DEPARTMENT OF BUILDINGS BIN: EXISTS ONLY IN D.O.B. FILES,"",""
"",3856775,"","","","", ,23,"",TEMPORARY DEPARTMENT OF BUILDINGS BIN: EXISTS ONLY IN D.O.B. FILES,"",""
"",3810580,"","","","", ,23,"",TEMPORARY DEPARTMENT OF BUILDINGS BIN: EXISTS ONLY IN D.O.B. FILES,"",""
"",3852403,"","","","", ,23,"",TEMPORARY DEPARTMENT OF BUILDINGS BIN: EXISTS ONLY IN D.O.B. FILES,"",""
"",3810827,"","","","", ,23,"",TEMPORARY DEPARTMENT OF BUILDINGS BIN: EXISTS ONLY IN D.O.B. FILES,"",""
"",3810826,"","","","", ,23,"",TEMPORARY DEPARTMENT OF BUILDINGS BIN: EXISTS ONLY IN D.O.B. FILES,"",""
"",3851216,"","","","", ,23,"",TEMPORARY DEPARTMENT OF BUILDINGS BIN: EXISTS ONLY IN D.O.B. FILES,"",""
"",3810978,"","","","", ,23,"",TEMPORARY DEPARTMENT OF BUILDINGS BIN: EXISTS ONLY IN D.O.B. FILES,"",""
"",3836860,"","","","", ,23,"",TEMPORARY DEPARTMENT OF BUILDINGS BIN: EXISTS ONLY IN D.O.B. FILES,"",""
3034080048,3413714,3413714,0,0,E,0,01,"","BIN FOUND IN TPAD, NOT FOUND IN PAD","",*
3022640055,3426257,3426257,0,0,E,0,01,"","BIN FOUND IN TPAD, NOT FOUND IN PAD","",*
3088452218,3421968,3421968,0,0,E,0,01,"","BIN FOUND IN TPAD, NOT FOUND IN PAD","",*
"",3815610,"","","","", ,23,"",TEMPORARY DEPARTMENT OF BUILDINGS BIN: EXISTS ONLY IN D.O.B. FILES,"",""
"",3815661,"","","","", ,23,"",TEMPORARY DEPARTMENT OF BUILDINGS BIN: EXISTS ONLY IN D.O.B. FILES,"",""
"",3815855,"","","","", ,23,"",TEMPORARY DEPARTMENT OF BUILDINGS BIN: EXISTS ONLY IN D.O.B. FILES,"",""
3027700024,3413732,"","",0,E,0,01,"","BIN FOUND IN TPAD, NOT FOUND IN PAD","",*
3031050022,3398014,3398014,1,1,E,1,01,"","BIN FOUND IN TPAD, NOT FOUND IN PAD","",*
3033260035,3413752,3413752,0,0,E,0,01,"","BIN FOUND IN TPAD, NOT FOUND IN PAD","",*
3033130121,3406533,3406533,1,1,E,1,01,"","BIN FOUND IN TPAD, NOT FOUND IN PAD","",*
3022410034,3425070,3425070,0,0,E,0,01,"","BIN FOUND IN TPAD, NOT FOUND IN PAD","",*
3017700048,3414356,3414356,0,0,E,0,01,"","BIN FOUND IN TPAD, NOT FOUND IN PAD","",*
3028320027,3418424,"","",0,E,0,01,"","BIN FOUND IN TPAD, NOT FOUND IN PAD","",*
3018710030,3404966,3404966,0,0,E,0,01,"","BIN FOUND IN TPAD, NOT FOUND IN PAD","",*
3015850033,3425562,3425562,0,"",2,0,01,"","TPAD BBL USED, NO EXISTING PAD BBL","",*
3017500044,3421349,"","",0,E,0,01,"","BIN FOUND IN TPAD, NOT FOUND IN PAD","",*
"",3828695,"","","","", ,23,"",TEMPORARY DEPARTMENT OF BUILDINGS BIN: EXISTS ONLY IN D.O.B. FILES,"",""
3017090031,3422373,3422373,0,0,E,0,01,"","BIN FOUND IN TPAD, NOT FOUND IN PAD","",*
"",3853635,"","","","", ,23,"",TEMPORARY DEPARTMENT OF BUILDINGS BIN: EXISTS ONLY IN D.O.B. FILES,"",""
"",3829229,"","","","", ,23,"",TEMPORARY DEPARTMENT OF BUILDINGS BIN: EXISTS ONLY IN D.O.B. FILES,"",""
3031710068,3426458,3426458,0,0,E,0,01,"","BIN FOUND IN TPAD, NOT FOUND IN PAD","",*
"",3856738,"","","","", ,23,"",TEMPORARY DEPARTMENT OF BUILDINGS BIN: EXISTS ONLY IN D.O.B. FILES,"",""
"",3000000,"","","","", ,22,"","INVALID BIN FORMAT: NON-NUMERIC, FIRST DIGIT NOT 1-5 OR REST OF DIGITS ALL ZERO","",""
"",3000000,"","","","", ,22,"","INVALID BIN FORMAT: NON-NUMERIC, FIRST DIGIT NOT 1-5 OR REST OF DIGITS ALL ZERO","",""
"",3000000,"","","","", ,22,"","INVALID BIN FORMAT: NON-NUMERIC, FIRST DIGIT NOT 1-5 OR REST OF DIGITS ALL ZERO","",""
"",3000000,"","","","", ,22,"","INVALID BIN FORMAT: NON-NUMERIC, FIRST DIGIT NOT 1-5 OR REST OF DIGITS ALL ZERO","",""
3015720039,3418323,3418323,0,0,E,0,01,"","BIN FOUND IN TPAD, NOT FOUND IN PAD","",*
"",4000000,"","","","", ,22,"","INVALID BIN FORMAT: NON-NUMERIC, FIRST DIGIT NOT 1-5 OR REST OF DIGITS ALL ZERO","",""
"",3804735,"","","","", ,23,"",TEMPORARY DEPARTMENT OF BUILDINGS BIN: EXISTS ONLY IN D.O.B. FILES,"",""
3077090042,3425697,3425697,0,0,E,0,01,"","BIN FOUND IN TPAD, NOT FOUND IN PAD","",*
3073860146,3402890,3402890,1,1,E,1,01,"","BIN FOUND IN TPAD, NOT FOUND IN PAD","",*
3070260042,3398162,"","",1,E,1,01,"","BIN FOUND IN TPAD, NOT FOUND IN PAD","",*
"",3845593,"","","","", ,23,"",TEMPORARY DEPARTMENT OF BUILDINGS BIN: EXISTS ONLY IN D.O.B. FILES,"",""
3031360020,3426002,3426002,0,0,E,0,01,"","BIN FOUND IN TPAD, NOT FOUND IN PAD","",*
3031360022,3421466,3421466,0,0,E,0,01,"","BIN FOUND IN TPAD, NOT FOUND IN PAD","",*
3013480076,3425550,3425550,0,0,E,0,01,"","BIN FOUND IN TPAD, NOT FOUND IN PAD","",*
3037920025,3413999,3413999,0,0,E,0,01,"","BIN FOUND IN TPAD, NOT FOUND IN PAD","",*
3071660029,3421814,3421814,0,0,E,0,01,"","BIN FOUND IN TPAD, NOT FOUND IN PAD","",*
3071660033,3425601,3425601,0,0,E,0,01,"","BIN FOUND IN TPAD, NOT FOUND IN PAD","",*
3086640446,3425858,3425858,0,0,E,0,01,"","BIN FOUND IN TPAD, NOT FOUND IN PAD","",*
3015170021,3413886,3413886,0,0,E,0,01,"","BIN FOUND IN TPAD, NOT FOUND IN PAD","",*
3034680065,3418432,3418432,0,0,E,0,01,"","BIN FOUND IN TPAD, NOT FOUND IN PAD","",*
"",3853762,"","","","", ,23,"",TEMPORARY DEPARTMENT OF BUILDINGS BIN: EXISTS ONLY IN D.O.B. FILES,"",""
"",3808053,"","","","", ,23,"",TEMPORARY DEPARTMENT OF BUILDINGS BIN: EXISTS ONLY IN D.O.B. FILES,"",""
3016870069,3413981,3413981,0,0,E,0,01,"","BIN FOUND IN TPAD, NOT FOUND IN PAD","",*
"",3809025,"","","","", ,23,"",TEMPORARY DEPARTMENT OF BUILDINGS BIN: EXISTS ONLY IN D.O.B. FILES,"",""
"",3809280,"","","","", ,23,"",TEMPORARY DEPARTMENT OF BUILDINGS BIN: EXISTS ONLY IN D.O.B. FILES,"",""
"",3849232,"","","","", ,23,"",TEMPORARY DEPARTMENT OF BUILDINGS BIN: EXISTS ONLY IN D.O.B. FILES,"",""
"",3810275,"","","","", ,23,"",TEMPORARY DEPARTMENT OF BUILDINGS BIN: EXISTS ONLY IN D.O.B. FILES,"",""
"",3000000,"","","","", ,22,"","INVALID BIN FORMAT: NON-NUMERIC, FIRST DIGIT NOT 1-5 OR REST OF DIGITS ALL ZERO","",""
4162250001,4610235,4610235,0,0,E,0,01,"","BIN FOUND IN TPAD, NOT FOUND IN PAD","",*
"",4000000,"","","","", ,22,"","INVALID BIN FORMAT: NON-NUMERIC, FIRST DIGIT NOT 1-5 OR REST OF DIGITS ALL ZERO","",""
5077920217,5165148,"","",0,E,0,01,"","BIN FOUND IN TPAD, NOT FOUND IN PAD","",*
5037430034,5166574,5166574,0,0,E,0,01,"","BIN FOUND IN TPAD, NOT FOUND IN PAD","",*
5011580063,5166362,"","",0,E,0,01,"","BIN FOUND IN TPAD, NOT FOUND IN PAD","",*
"",5837105,"","","","", ,23,"",TEMPORARY DEPARTMENT OF BUILDINGS BIN: EXISTS ONLY IN D.O.B. FILES,"",""
5031080061,5170776,"","",0,E,0,01,"","BIN FOUND IN TPAD, NOT FOUND IN PAD","",*
"",1809873,"","","","", ,23,"",TEMPORARY DEPARTMENT OF BUILDINGS BIN: EXISTS ONLY IN D.O.B. FILES,"",""
3001610018,3424477,3424477,0,0,E,0,01,"","BIN FOUND IN TPAD, NOT FOUND IN PAD","",*
4098820024,4619674,4619674,0,"",2,0,01,"","TPAD BBL USED, NO EXISTING PAD BBL","",*
5068960131,5169024,5169024,0,0,E,0,01,"","BIN FOUND IN TPAD, NOT FOUND IN PAD","",*
4098820024,4619675,4619675,0,"",2,0,01,"","TPAD BBL USED, NO EXISTING PAD BBL","",*
5069070037,5165196,5165196,0,0,E,0,01,"","BIN FOUND IN TPAD, NOT FOUND IN PAD","",*
5056210036,5169543,"","",0,E,0,01,"","BIN FOUND IN TPAD, NOT FOUND IN PAD","",*
5038160101,5166518,5166518,0,0,E,0,01,"","BIN FOUND IN TPAD, NOT FOUND IN PAD","",*
5078670098,5170797,"","",0,E,0,01,"","BIN FOUND IN TPAD, NOT FOUND IN PAD","",*
5035920077,5170008,5170008,0,0,E,0,01,"","BIN FOUND IN TPAD, NOT FOUND IN PAD","",*
5016900042,5166563,"","",0,E,0,01,"","BIN FOUND IN TPAD, NOT FOUND IN PAD","",*
5036680018,5164489,5164489,0,"",2,0,01,"","TPAD BBL USED, NO EXISTING PAD BBL","",*
3020230001,3425612,"","",0,E,0,01,"","BIN FOUND IN TPAD, NOT FOUND IN PAD","",*
5003040022,5171078,"","",0,E,0,01,"","BIN FOUND IN TPAD, NOT FOUND IN PAD","",*
"",5831686,"","","","", ,23,"",TEMPORARY DEPARTMENT OF BUILDINGS BIN: EXISTS ONLY IN D.O.B. FILES,"",""
"",5000000,"","","","", ,22,"","INVALID BIN FORMAT: NON-NUMERIC, FIRST DIGIT NOT 1-5 OR REST OF DIGITS ALL ZERO","",""
5031080060,5170938,"","",0,E,0,01,"","BIN FOUND IN TPAD, NOT FOUND IN PAD","",*
5001580155,5167653,5167653,0,0,E,0,01,"","BIN FOUND IN TPAD, NOT FOUND IN PAD","",*
2041110043,2117698,2117698,0,0,E,0,01,"","BIN FOUND IN TPAD, NOT FOUND IN PAD","",*
3012050127,3425093,"","",0,E,0,01,"","BIN FOUND IN TPAD, NOT FOUND IN PAD","",*
5078880019,5169052,"","",0,E,0,01,"","BIN FOUND IN TPAD, NOT FOUND IN PAD","",*
1014120050,1090667,1090667,0,0,E,0,01,"","BIN FOUND IN TPAD, NOT FOUND IN PAD","",*
5006900245,5169012,"","",0,E,0,01,"","BIN FOUND IN TPAD, NOT FOUND IN PAD","",*
"",5862995,"","","","", ,23,"",TEMPORARY DEPARTMENT OF BUILDINGS BIN: EXISTS ONLY IN D.O.B. FILES,"",""
5028980021,5158655,5158655,0,0,E,0,01,"","BIN FOUND IN TPAD, NOT FOUND IN PAD","",*
5016900144,5166566,5166565,0,0,E,0,01,"","BIN FOUND IN TPAD, NOT FOUND IN PAD","",*
5062490048,5166714,5166714,0,0,E,0,01,"","BIN FOUND IN TPAD, NOT FOUND IN PAD","",*
3062530028,3418357,"","",0,E,0,01,"","BIN FOUND IN TPAD, NOT FOUND IN PAD","",*
3005740035,3424218,3424218,0,0,E,0,01,"","BIN FOUND IN TPAD, NOT FOUND IN PAD","",*
"",5000000,"","","","", ,22,"","INVALID BIN FORMAT: NON-NUMERIC, FIRST DIGIT NOT 1-5 OR REST OF DIGITS ALL ZERO","",""
"",5863478,"","","","", ,23,"",TEMPORARY DEPARTMENT OF BUILDINGS BIN: EXISTS ONLY IN D.O.B. FILES,"",""
5046550014,5170950,5170950,0,0,E,0,01,"","BIN FOUND IN TPAD, NOT FOUND IN PAD","",*
5077920227,5165147,"","",0,E,0,01,"","BIN FOUND IN TPAD, NOT FOUND IN PAD","",*
"",5862179,"","","","", ,23,"",TEMPORARY DEPARTMENT OF BUILDINGS BIN: EXISTS ONLY IN D.O.B. FILES,"",""
"",5863259,"","","","", ,23,"",TEMPORARY DEPARTMENT OF BUILDINGS BIN: EXISTS ONLY IN D.O.B. FILES,"",""
"",1808732,"","","","", ,23,"",TEMPORARY DEPARTMENT OF BUILDINGS BIN: EXISTS ONLY IN D.O.B. FILES,"",""
1021180052,1089737,1089737,0,"",2,0,01,"","TPAD BBL USED, NO EXISTING PAD BBL","",*
2034300054,2128764,"","",0,E,0,01,"","BIN FOUND IN TPAD, NOT FOUND IN PAD","",*
5033430064,5158674,5158674,0,0,E,0,01,"","BIN FOUND IN TPAD, NOT FOUND IN PAD","",*
5046330262,5164076,5164076,0,0,E,0,01,"","BIN FOUND IN TPAD, NOT FOUND IN PAD","",*
2031810034,2129428,2129428,0,0,E,0,01,"","BIN FOUND IN TPAD, NOT FOUND IN PAD","",*
1001780029,1088692,"","",0,E,0,01,"","BIN FOUND IN TPAD, NOT FOUND IN PAD","",*
4105260115,4538096,4538096,1,1,E,1,01,"","BIN FOUND IN TPAD, NOT FOUND IN PAD","",*
5060450181,5166788,"","",0,E,0,01,"","BIN FOUND IN TPAD, NOT FOUND IN PAD","",*
5026310056,5169568,"","",0,E,0,01,"","BIN FOUND IN TPAD, NOT FOUND IN PAD","",*
5010990042,5166026,"","",0,E,0,01,"","BIN FOUND IN TPAD, NOT FOUND IN PAD","",*
5006500026,5165065,5165065,0,0,E,0,01,"","BIN FOUND IN TPAD, NOT FOUND IN PAD","",*
"",3806362,"","","","", ,23,"",TEMPORARY DEPARTMENT OF BUILDINGS BIN: EXISTS ONLY IN D.O.B. FILES,"",""
"",1806330,"","","","", ,23,"",TEMPORARY DEPARTMENT OF BUILDINGS BIN: EXISTS ONLY IN D.O.B. FILES,"",""
5077920215,5165149,5165149,0,"",2,0,01,"","TPAD BBL USED, NO EXISTING PAD BBL","",*
5012530003,5170541,"","",0,E,0,01,"","BIN FOUND IN TPAD, NOT FOUND IN PAD","",*
5023910165,5170056,5170056,0,"",2,0,01,"","TPAD BBL USED, NO EXISTING PAD BBL","",*
1006160032,1090829,"","",0,E,0,01,"","BIN FOUND IN TPAD, NOT FOUND IN PAD","",*
5008790032,5164595,"","",0,E,0,01,"","BIN FOUND IN TPAD, NOT FOUND IN PAD","",*
5033060020,5170465,5170465,0,0,E,0,01,"","BIN FOUND IN TPAD, NOT FOUND IN PAD","",*
5029170023,5168866,"","",0,E,0,01,"","BIN FOUND IN TPAD, NOT FOUND IN PAD","",*
5033950047,5164507,"","",0,E,0,01,"","BIN FOUND IN TPAD, NOT FOUND IN PAD","",*
"",1809959,"","","","", ,23,"",TEMPORARY DEPARTMENT OF BUILDINGS BIN: EXISTS ONLY IN D.O.B. FILES,"",""
5016900146,5166567,5166567,0,0,E,0,01,"","BIN FOUND IN TPAD, NOT FOUND IN PAD","",*
5077920247,5165143,"","",0,E,0,01,"","BIN FOUND IN TPAD, NOT FOUND IN PAD","",*
5080440079,5166384,"","",0,E,0,01,"","BIN FOUND IN TPAD, NOT FOUND IN PAD","",*
5005400118,5170110,5170110,0,0,E,0,01,"","BIN FOUND IN TPAD, NOT FOUND IN PAD","",*
3033690006,3425663,3425663,0,0,E,0,01,"","BIN FOUND IN TPAD, NOT FOUND IN PAD","",*
"",1806440,"","","","", ,23,"",TEMPORARY DEPARTMENT OF BUILDINGS BIN: EXISTS ONLY IN D.O.B. FILES,"",""
5016900142,5166564,"","",0,E,0,01,"","BIN FOUND IN TPAD, NOT FOUND IN PAD","",*
5000020022,5164632,5164632,0,0,E,0,01,"","BIN FOUND IN TPAD, NOT FOUND IN PAD","",*
5031080062,5170777,"","",0,E,0,01,"","BIN FOUND IN TPAD, NOT FOUND IN PAD","",*
5062610013,5170807,5170807,0,0,E,0,01,"","BIN FOUND IN TPAD, NOT FOUND IN PAD","",*
5001480055,5170238,5170238,0,0,E,0,01,"","BIN FOUND IN TPAD, NOT FOUND IN PAD","",*
5077920248,5165142,"","",0,E,0,01,"","BIN FOUND IN TPAD, NOT FOUND IN PAD","",*
"",5000000,"","","","", ,22,"","INVALID BIN FORMAT: NON-NUMERIC, FIRST DIGIT NOT 1-5 OR REST OF DIGITS ALL ZERO","",""
5064590014,5169359,"","",0,E,0,01,"","BIN FOUND IN TPAD, NOT FOUND IN PAD","",*
"",3000000,"","","","", ,22,"","INVALID BIN FORMAT: NON-NUMERIC, FIRST DIGIT NOT 1-5 OR REST OF DIGITS ALL ZERO","",""
5034100079,5169136,"","",0,E,0,01,"","BIN FOUND IN TPAD, NOT FOUND IN PAD","",*
5080080074,5164617,"","",0,E,0,01,"","BIN FOUND IN TPAD, NOT FOUND IN PAD","",*
5028900014,5158715,5158715,1,1,E,1,01,"","BIN FOUND IN TPAD, NOT FOUND IN PAD","",*
3020340134,3424494,"","",0,E,0,01,"","BIN FOUND IN TPAD, NOT FOUND IN PAD","",*
5001680082,5166268,"","",0,E,0,01,"","BIN FOUND IN TPAD, NOT FOUND IN PAD","",*
"",1804512,"","","","", ,23,"",TEMPORARY DEPARTMENT OF BUILDINGS BIN: EXISTS ONLY IN D.O.B. FILES,"",""
"",4000000,"","","","", ,22,"","INVALID BIN FORMAT: NON-NUMERIC, FIRST DIGIT NOT 1-5 OR REST OF DIGITS ALL ZERO","",""
"",5820190,"","","","", ,23,"",TEMPORARY DEPARTMENT OF BUILDINGS BIN: EXISTS ONLY IN D.O.B. FILES,"",""
5077100202,5169249,5169249,0,0,E,0,01,"","BIN FOUND IN TPAD, NOT FOUND IN PAD","",*
4121440013,4617947,"","","",4,0,01,"","TPAD BBL USED,EXISTING PAD BIN OF INPUT ADDR ON DIFF BBL THAN TPAD NB BIN","",*
"",5843175,"","","","", ,23,"",TEMPORARY DEPARTMENT OF BUILDINGS BIN: EXISTS ONLY IN D.O.B. FILES,"",""
4098350030,4618172,"","",0,E,0,01,"","BIN FOUND IN TPAD, NOT FOUND IN PAD","",*
5049850021,5170232,5170232,0,0,E,0,01,"","BIN FOUND IN TPAD, NOT FOUND IN PAD","",*
5012600121,5171545,5171545,0,0,E,0,01,"","BIN FOUND IN TPAD, NOT FOUND IN PAD","",*
4035460001,4605307,"","",0,E,0,01,"","BIN FOUND IN TPAD, NOT FOUND IN PAD","",*
5035920076,5164121,5164121,0,0,E,0,01,"","BIN FOUND IN TPAD, NOT FOUND IN PAD","",*
5077920276,5165139,"","",0,E,0,01,"","BIN FOUND IN TPAD, NOT FOUND IN PAD","",*
1019880018,1089415,1089415,0,0,E,0,01,"","BIN FOUND IN TPAD, NOT FOUND IN PAD","",*
5001680081,5166269,"","",0,E,0,01,"","BIN FOUND IN TPAD, NOT FOUND IN PAD","",*
1000690001,1088815,"","",1,E,1,01,"","BIN FOUND IN TPAD, NOT FOUND IN PAD","",*
5062490050,5166716,5166716,0,0,E,0,01,"","BIN FOUND IN TPAD, NOT FOUND IN PAD","",*
4083060069,4607929,"","",0,E,0,01,"","BIN FOUND IN TPAD, NOT FOUND IN PAD","",*
5063330201,5166352,"","",0,E,0,01,"","BIN FOUND IN TPAD, NOT FOUND IN PAD","",*
5000450042,5165987,5165987,0,0,E,0,01,"","BIN FOUND IN TPAD, NOT FOUND IN PAD","",*
"",3829719,"","","","", ,23,"",TEMPORARY DEPARTMENT OF BUILDINGS BIN: EXISTS ONLY IN D.O.B. FILES,"",""
3018060078,3426446,3426446,0,0,E,0,01,"","BIN FOUND IN TPAD, NOT FOUND IN PAD","",*
5062490649,5171100,5171100,0,0,E,0,01,"","BIN FOUND IN TPAD, NOT FOUND IN PAD","",*
3018170025,3422073,3422073,0,"",2,0,01,"","TPAD BBL USED, NO EXISTING PAD BBL","",*
"",5822692,"","","","", ,23,"",TEMPORARY DEPARTMENT OF BUILDINGS BIN: EXISTS ONLY IN D.O.B. FILES,"",""
"",1806464,"","","","", ,23,"",TEMPORARY DEPARTMENT OF BUILDINGS BIN: EXISTS ONLY IN D.O.B. FILES,"",""
"",5817541,"","","","", ,23,"",TEMPORARY DEPARTMENT OF BUILDINGS BIN: EXISTS ONLY IN D.O.B. FILES,"",""
"",5843173,"","","","", ,23,"",TEMPORARY DEPARTMENT OF BUILDINGS BIN: EXISTS ONLY IN D.O.B. FILES,"",""
"",2800320,"","","","", ,23,"",TEMPORARY DEPARTMENT OF BUILDINGS BIN: EXISTS ONLY IN D.O.B. FILES,"",""
3011320020,3426539,3426539,0,0,E,0,01,"","BIN FOUND IN TPAD, NOT FOUND IN PAD","",*
5011320041,5170124,"","",0,E,0,01,"","BIN FOUND IN TPAD, NOT FOUND IN PAD","",*
5003020015,5169463,5169463,0,0,E,0,01,"","BIN FOUND IN TPAD, NOT FOUND IN PAD","",*
"",3000000,"","","","", ,22,"","INVALID BIN FORMAT: NON-NUMERIC, FIRST DIGIT NOT 1-5 OR REST OF DIGITS ALL ZERO","",""
1014120151,1091568,"","","",4,0,01,"","TPAD BBL USED,EXISTING PAD BIN OF INPUT ADDR ON DIFF BBL THAN TPAD NB BIN","",*
3050900086,3418326,3418326,0,0,E,0,01,"","BIN FOUND IN TPAD, NOT FOUND IN PAD","",*
"",5856340,"","","","", ,23,"",TEMPORARY DEPARTMENT OF BUILDINGS BIN: EXISTS ONLY IN D.O.B. FILES,"",""
"",5000000,"","","","", ,22,"","INVALID BIN FORMAT: NON-NUMERIC, FIRST DIGIT NOT 1-5 OR REST OF DIGITS ALL ZERO","",""
1005780071,1090671,"","",0,E,0,01,"","BIN FOUND IN TPAD, NOT FOUND IN PAD","",*
5012700007,5169469,"","",0,E,0,01,"","BIN FOUND IN TPAD, NOT FOUND IN PAD","",*
"",5812042,"","","","", ,23,"",TEMPORARY DEPARTMENT OF BUILDINGS BIN: EXISTS ONLY IN D.O.B. FILES,"",""
5077920277,5165138,"","",0,E,0,01,"","BIN FOUND IN TPAD, NOT FOUND IN PAD","",*
"",5856342,"","","","", ,23,"",TEMPORARY DEPARTMENT OF BUILDINGS BIN: EXISTS ONLY IN D.O.B. FILES,"",""
"",1806094,"","","","", ,23,"",TEMPORARY DEPARTMENT OF BUILDINGS BIN: EXISTS ONLY IN D.O.B. FILES,"",""
5044210210,5169140,5169140,0,0,E,0,01,"","BIN FOUND IN TPAD, NOT FOUND IN PAD","",*
1017260013,1090497,1090497,0,0,E,0,01,"","BIN FOUND IN TPAD, NOT FOUND IN PAD","",*
"",5819402,"","","","", ,23,"",TEMPORARY DEPARTMENT OF BUILDINGS BIN: EXISTS ONLY IN D.O.B. FILES,"",""
"",5862377,"","","","", ,23,"",TEMPORARY DEPARTMENT OF BUILDINGS BIN: EXISTS ONLY IN D.O.B. FILES,"",""
"",5843177,"","","","", ,23,"",TEMPORARY DEPARTMENT OF BUILDINGS BIN: EXISTS ONLY IN D.O.B. FILES,"",""
5077920438,5165152,"","",0,E,0,01,"","BIN FOUND IN TPAD, NOT FOUND IN PAD","",*
5018010040,5158445,5158445,0,"",2,0,01,"","TPAD BBL USED, NO EXISTING PAD BBL","",*
"",2803496,"","","","", ,23,"",TEMPORARY DEPARTMENT OF BUILDINGS BIN: EXISTS ONLY IN D.O.B. FILES,"",""
3065150020,3425908,3425908,0,0,E,0,01,"","BIN FOUND IN TPAD, NOT FOUND IN PAD","",*
5031100046,5169698,5169698,0,0,E,0,01,"","BIN FOUND IN TPAD, NOT FOUND IN PAD","",*
"",5000000,"","","","", ,22,"","INVALID BIN FORMAT: NON-NUMERIC, FIRST DIGIT NOT 1-5 OR REST OF DIGITS ALL ZERO","",""
5001380110,5165165,"","",0,E,0,01,"","BIN FOUND IN TPAD, NOT FOUND IN PAD","",*
5079830001,5166288,"","",0,E,0,01,"","BIN FOUND IN TPAD, NOT FOUND IN PAD","",*
5042310126,5171363,5171363,0,0,E,0,01,"","BIN FOUND IN TPAD, NOT FOUND IN PAD","",*
5005930735,5164268,"","",0,E,0,01,"","BIN FOUND IN TPAD, NOT FOUND IN PAD","",*
5065860013,5166687,5166687,0,0,E,0,01,"","BIN FOUND IN TPAD, NOT FOUND IN PAD","",*
5010500148,5168519,"","",0,E,0,01,"","BIN FOUND IN TPAD, NOT FOUND IN PAD","",*
"",5822689,"","","","", ,23,"",TEMPORARY DEPARTMENT OF BUILDINGS BIN: EXISTS ONLY IN D.O.B. FILES,"",""
"",5856338,"","","","", ,23,"",TEMPORARY DEPARTMENT OF BUILDINGS BIN: EXISTS ONLY IN D.O.B. FILES,"",""
5029170022,5168865,5168867,0,0,E,0,01,"","BIN FOUND IN TPAD, NOT FOUND IN PAD","",*
5040810040,5170564,5170564,0,0,E,0,01,"","BIN FOUND IN TPAD, NOT FOUND IN PAD","",*
5077100202,5169250,5169249,0,0,E,0,01,"","BIN FOUND IN TPAD, NOT FOUND IN PAD","",*
"",1806375,"","","","", ,23,"",TEMPORARY DEPARTMENT OF BUILDINGS BIN: EXISTS ONLY IN D.O.B. FILES,"",""
5009440026,5166304,"","",0,E,0,01,"","BIN FOUND IN TPAD, NOT FOUND IN PAD","",*
3035660006,3426172,"","",0,E,0,01,"","BIN FOUND IN TPAD, NOT FOUND IN PAD","",*
"",5816248,"","","","", ,23,"",TEMPORARY DEPARTMENT OF BUILDINGS BIN: EXISTS ONLY IN D.O.B. FILES,"",""
3009770003,3425690,"","",0,E,0,01,"","BIN FOUND IN TPAD, NOT FOUND IN PAD","",*
5029170024,5168867,"","",0,E,0,01,"","BIN FOUND IN TPAD, NOT FOUND IN PAD","",*
5052120016,5165205,5165205,0,0,E,0,01,"","BIN FOUND IN TPAD, NOT FOUND IN PAD","",*
5060450116,5169374,"","",0,E,0,01,"","BIN FOUND IN TPAD, NOT FOUND IN PAD","",*
5069330006,5170438,5170438,0,"",2,0,01,"","TPAD BBL USED, NO EXISTING PAD BBL","",*
3013420042,3424203,"","",0,E,0,01,"","BIN FOUND IN TPAD, NOT FOUND IN PAD","",*
3014610037,3425269,3425269,0,0,E,0,01,"","BIN FOUND IN TPAD, NOT FOUND IN PAD","",*
3009770003,3425691,"","",0,E,0,01,"","BIN FOUND IN TPAD, NOT FOUND IN PAD","",*
"",1804034,"","","","", ,23,"",TEMPORARY DEPARTMENT OF BUILDINGS BIN: EXISTS ONLY IN D.O.B. FILES,"",""
5079000048,5170166,"","",0,E,0,01,"","BIN FOUND IN TPAD, NOT FOUND IN PAD","",*
5012680209,5164941,"","",0,E,0,01,"","BIN FOUND IN TPAD, NOT FOUND IN PAD","",*
5000800013,5169985,5169985,0,0,E,0,01,"","BIN FOUND IN TPAD, NOT FOUND IN PAD","",*
5077920228,5171867,"","",0,E,0,01,"","BIN FOUND IN TPAD, NOT FOUND IN PAD","",*
"",1804231,"","","","", ,23,"",TEMPORARY DEPARTMENT OF BUILDINGS BIN: EXISTS ONLY IN D.O.B. FILES,"",""
5038200052,5166666,5166666,0,0,E,0,01,"","BIN FOUND IN TPAD, NOT FOUND IN PAD","",*
3009370001,3420168,3420168,0,"",2,0,01,"","TPAD BBL USED, NO EXISTING PAD BBL","",*
3002910001,3426616,"","",0,E,0,01,"","BIN FOUND IN TPAD, NOT FOUND IN PAD","",*
5062280075,5170170,"","",0,E,0,01,"","BIN FOUND IN TPAD, NOT FOUND IN PAD","",*
"",5820638,"","","","", ,23,"",TEMPORARY DEPARTMENT OF BUILDINGS BIN: EXISTS ONLY IN D.O.B. FILES,"",""
5033950044,5164506,"","",0,E,0,01,"","BIN FOUND IN TPAD, NOT FOUND IN PAD","",*
5049850020,5170233,5170233,0,0,E,0,01,"","BIN FOUND IN TPAD, NOT FOUND IN PAD","",*
"",1000000,"","","","", ,22,"","INVALID BIN FORMAT: NON-NUMERIC, FIRST DIGIT NOT 1-5 OR REST OF DIGITS ALL ZERO","",""
"",1810324,"","","","", ,23,"",TEMPORARY DEPARTMENT OF BUILDINGS BIN: EXISTS ONLY IN D.O.B. FILES,"",""
5044210004,5169141,5169141,0,0,E,0,01,"","BIN FOUND IN TPAD, NOT FOUND IN PAD","",*
5022420080,5170979,5170979,0,0,E,0,01,"","BIN FOUND IN TPAD, NOT FOUND IN PAD","",*
"",3851635,"","","","", ,23,"",TEMPORARY DEPARTMENT OF BUILDINGS BIN: EXISTS ONLY IN D.O.B. FILES,"",""
"",5859972,"","","","", ,23,"",TEMPORARY DEPARTMENT OF BUILDINGS BIN: EXISTS ONLY IN D.O.B. FILES,"",""
5005630132,5166601,5166601,0,0,E,0,01,"","BIN FOUND IN TPAD, NOT FOUND IN PAD","",*
"",5820636,"","","","", ,23,"",TEMPORARY DEPARTMENT OF BUILDINGS BIN: EXISTS ONLY IN D.O.B. FILES,"",""
5031100048,5169696,5169696,0,0,E,0,01,"","BIN FOUND IN TPAD, NOT FOUND IN PAD","",*
5077100200,5169251,5169251,0,0,E,0,01,"","BIN FOUND IN TPAD, NOT FOUND IN PAD","",*
1007330023,1089379,1089379,0,0,E,0,01,"","BIN FOUND IN TPAD, NOT FOUND IN PAD","",*
5036230010,5169290,"","",0,E,0,01,"","BIN FOUND IN TPAD, NOT FOUND IN PAD","",*
"",5834456,"","","","", ,23,"",TEMPORARY DEPARTMENT OF BUILDINGS BIN: EXISTS ONLY IN D.O.B. FILES,"",""
5016900143,5166565,5166564,0,0,E,0,01,"","BIN FOUND IN TPAD, NOT FOUND IN PAD","",*
5062760035,5166575,"","",0,E,0,01,"","BIN FOUND IN TPAD, NOT FOUND IN PAD","",*
3009770003,3425688,"","",0,E,0,01,"","BIN FOUND IN TPAD, NOT FOUND IN PAD","",*
"",3000000,"","","","", ,22,"","INVALID BIN FORMAT: NON-NUMERIC, FIRST DIGIT NOT 1-5 OR REST OF DIGITS ALL ZERO","",""
3054280012,3425884,3425884,0,0,E,0,01,"","BIN FOUND IN TPAD, NOT FOUND IN PAD","",*
5033950045,5164511,"","",0,E,0,01,"","BIN FOUND IN TPAD, NOT FOUND IN PAD","",*
5066800016,5170357,5170357,0,0,E,0,01,"","BIN FOUND IN TPAD, NOT FOUND IN PAD","",*
5015970034,5169721,5169721,0,0,E,0,01,"","BIN FOUND IN TPAD, NOT FOUND IN PAD","",*
"",1802898,"","","","", ,23,"",TEMPORARY DEPARTMENT OF BUILDINGS BIN: EXISTS ONLY IN D.O.B. FILES,"",""
4153080037,4296810,"","",6,E,6,01,"","BIN FOUND IN TPAD, NOT FOUND IN PAD","",*
5077410012,5166436,5166436,0,0,E,0,01,"","BIN FOUND IN TPAD, NOT FOUND IN PAD","",*
5012250005,5169891,"","",0,E,0,01,"","BIN FOUND IN TPAD, NOT FOUND IN PAD","",*
3013420039,3424201,3424201,0,0,E,0,01,"","BIN FOUND IN TPAD, NOT FOUND IN PAD","",*
3085900031,3423979,"","",0,E,0,01,"","BIN FOUND IN TPAD, NOT FOUND IN PAD","",*
3000510025,3346567,"","",1,E,1,01,"","BIN FOUND IN TPAD, NOT FOUND IN PAD","",*
5003020018,5169461,5169461,0,0,E,0,01,"","BIN FOUND IN TPAD, NOT FOUND IN PAD","",*
4004360001,4617117,"","",1,E,1,01,"","BIN FOUND IN TPAD, NOT FOUND IN PAD","",*
"",5806149,"","","","", ,23,"",TEMPORARY DEPARTMENT OF BUILDINGS BIN: EXISTS ONLY IN D.O.B. FILES,"",""
"",1804759,"","","","", ,23,"",TEMPORARY DEPARTMENT OF BUILDINGS BIN: EXISTS ONLY IN D.O.B. FILES,"",""
5015240022,5169798,"","",0,E,0,01,"","BIN FOUND IN TPAD, NOT FOUND IN PAD","",*
5029170021,5168868,"","",0,E,0,01,"","BIN FOUND IN TPAD, NOT FOUND IN PAD","",*
5010500147,5168520,"","",0,E,0,01,"","BIN FOUND IN TPAD, NOT FOUND IN PAD","",*
5070450167,5165270,"","",0,E,0,01,"","BIN FOUND IN TPAD, NOT FOUND IN PAD","",*
4158530048,4602735,4602735,0,"",2,0,01,"","TPAD BBL USED, NO EXISTING PAD BBL","",*
5038860045,5169415,"","",0,E,0,01,"","BIN FOUND IN TPAD, NOT FOUND IN PAD","",*
5077920316,5165160,5165160,0,0,E,0,01,"","BIN FOUND IN TPAD, NOT FOUND IN PAD","",*
5060140038,5166728,"","",0,E,0,01,"","BIN FOUND IN TPAD, NOT FOUND IN PAD","",*
5031100049,5169695,5169695,0,0,E,0,01,"","BIN FOUND IN TPAD, NOT FOUND IN PAD","",*
5023910165,5170052,5170052,0,"",2,0,01,"","TPAD BBL USED, NO EXISTING PAD BBL","",*
1019690006,1090853,1090853,0,0,E,0,01,"","BIN FOUND IN TPAD, NOT FOUND IN PAD","",*
"",1805823,"","","","", ,23,"",TEMPORARY DEPARTMENT OF BUILDINGS BIN: EXISTS ONLY IN D.O.B. FILES,"",""
5038160001,5166519,5166519,0,0,E,0,01,"","BIN FOUND IN TPAD, NOT FOUND IN PAD","",*
"",5862609,"","","","", ,23,"",TEMPORARY DEPARTMENT OF BUILDINGS BIN: EXISTS ONLY IN D.O.B. FILES,"",""
3031700009,3424253,"","",0,E,0,01,"","BIN FOUND IN TPAD, NOT FOUND IN PAD","",*
1007840012,1090459,1090459,0,0,E,0,01,"","BIN FOUND IN TPAD, NOT FOUND IN PAD","",*
5003020011,5169465,5169465,0,0,E,0,01,"","BIN FOUND IN TPAD, NOT FOUND IN PAD","",*
5011550176,5169321,"","",0,E,0,01,"","BIN FOUND IN TPAD, NOT FOUND IN PAD","",*
5075840117,5163148,5163148,0,0,E,0,01,"","BIN FOUND IN TPAD, NOT FOUND IN PAD","",*
5005140034,5169133,5169133,0,0,E,0,01,"","BIN FOUND IN TPAD, NOT FOUND IN PAD","",*
"",5000000,"","","","", ,22,"","INVALID BIN FORMAT: NON-NUMERIC, FIRST DIGIT NOT 1-5 OR REST OF DIGITS ALL ZERO","",""
"",1812220,"","","","", ,23,"",TEMPORARY DEPARTMENT OF BUILDINGS BIN: EXISTS ONLY IN D.O.B. FILES,"",""
5065840028,5165067,5165067,0,0,E,0,01,"","BIN FOUND IN TPAD, NOT FOUND IN PAD","",*
"",5856348,"","","","", ,23,"",TEMPORARY DEPARTMENT OF BUILDINGS BIN: EXISTS ONLY IN D.O.B. FILES,"",""
"",5808758,"","","","", ,23,"",TEMPORARY DEPARTMENT OF BUILDINGS BIN: EXISTS ONLY IN D.O.B. FILES,"",""
"",5000000,"","","","", ,22,"","INVALID BIN FORMAT: NON-NUMERIC, FIRST DIGIT NOT 1-5 OR REST OF DIGITS ALL ZERO","",""
5008850035,5158960,5158960,0,0,E,0,01,"","BIN FOUND IN TPAD, NOT FOUND IN PAD","",*
1008310068,1090443,1090443,0,0,E,0,01,"","BIN FOUND IN TPAD, NOT FOUND IN PAD","",*
5065860017,5166686,5166686,0,0,E,0,01,"","BIN FOUND IN TPAD, NOT FOUND IN PAD","",*
5012600123,5170739,5170739,0,0,E,0,01,"","BIN FOUND IN TPAD, NOT FOUND IN PAD","",*
5000640122,5159545,5159545,0,0,E,0,01,"","BIN FOUND IN TPAD, NOT FOUND IN PAD","",*
1019480035,1090740,"","",0,E,0,01,"","BIN FOUND IN TPAD, NOT FOUND IN PAD","",*
5038200051,5166665,"","",0,E,0,01,"","BIN FOUND IN TPAD, NOT FOUND IN PAD","",*
5077920317,5165162,"","",0,E,0,01,"","BIN FOUND IN TPAD, NOT FOUND IN PAD","",*
1013690034,1090365,1090365,0,0,E,0,01,"","BIN FOUND IN TPAD, NOT FOUND IN PAD","",*
"",5848012,"","","","", ,23,"",TEMPORARY DEPARTMENT OF BUILDINGS BIN: EXISTS ONLY IN D.O.B. FILES,"",""
5033060018,5170463,5170463,0,0,E,0,01,"","BIN FOUND IN TPAD, NOT FOUND IN PAD","",*
5040810058,5170559,5170559,0,0,E,0,01,"","BIN FOUND IN TPAD, NOT FOUND IN PAD","",*
3038470143,3424146,3424146,0,0,E,0,01,"","BIN FOUND IN TPAD, NOT FOUND IN PAD","",*
5040400027,5166569,"","",0,E,0,01,"","BIN FOUND IN TPAD, NOT FOUND IN PAD","",*
4005780001,4596363,4596363,0,0,E,0,01,"","BIN FOUND IN TPAD, NOT FOUND IN PAD","",*
5077020110,5166320,"","",0,E,0,01,"","BIN FOUND IN TPAD, NOT FOUND IN PAD","",*
5013180122,5168751,5168751,0,0,E,0,01,"","BIN FOUND IN TPAD, NOT FOUND IN PAD","",*
"",1811118,"","","","", ,23,"",TEMPORARY DEPARTMENT OF BUILDINGS BIN: EXISTS ONLY IN D.O.B. FILES,"",""
5001380108,5165168,"","",0,E,0,01,"","BIN FOUND IN TPAD, NOT FOUND IN PAD","",*
5049850019,5170234,5170234,0,0,E,0,01,"","BIN FOUND IN TPAD, NOT FOUND IN PAD","",*
5080490030,5170817,5170817,0,0,E,0,01,"","BIN FOUND IN TPAD, NOT FOUND IN PAD","",*
1004250028,1090788,1090788,0,0,E,0,01,"","BIN FOUND IN TPAD, NOT FOUND IN PAD","",*
1012630045,1090672,"","",0,E,0,01,"","BIN FOUND IN TPAD, NOT FOUND IN PAD","",*
5026310055,5169569,5169569,0,0,E,0,01,"","BIN FOUND IN TPAD, NOT FOUND IN PAD","",*
"",5863738,"","","","", ,23,"",TEMPORARY DEPARTMENT OF BUILDINGS BIN: EXISTS ONLY IN D.O.B. FILES,"",""
"",5862178,"","","","", ,23,"",TEMPORARY DEPARTMENT OF BUILDINGS BIN: EXISTS ONLY IN D.O.B. FILES,"",""
"",1806603,"","","","", ,23,"",TEMPORARY DEPARTMENT OF BUILDINGS BIN: EXISTS ONLY IN D.O.B. FILES,"",""
5038090003,5054711,"","",6,E,6,01,"","BIN FOUND IN TPAD, NOT FOUND IN PAD","",*
3009770003,3425689,"","",0,E,0,01,"","BIN FOUND IN TPAD, NOT FOUND IN PAD","",*
5049850018,5170235,"","",0,E,0,01,"","BIN FOUND IN TPAD, NOT FOUND IN PAD","",*
5024600082,5158297,5158297,0,0,E,0,01,"","BIN FOUND IN TPAD, NOT FOUND IN PAD","",*
"",5817731,"","","","", ,23,"",TEMPORARY DEPARTMENT OF BUILDINGS BIN: EXISTS ONLY IN D.O.B. FILES,"",""
5036710015,5159562,5159562,1,1,E,1,01,"","BIN FOUND IN TPAD, NOT FOUND IN PAD","",*
5005140036,5169134,5169134,0,0,E,0,01,"","BIN FOUND IN TPAD, NOT FOUND IN PAD","",*
2055970027,2128440,2128440,0,0,E,0,01,"","BIN FOUND IN TPAD, NOT FOUND IN PAD","",*
"",4000000,"","","","", ,22,"","INVALID BIN FORMAT: NON-NUMERIC, FIRST DIGIT NOT 1-5 OR REST OF DIGITS ALL ZERO","",""
"",1000000,"","","","", ,22,"","INVALID BIN FORMAT: NON-NUMERIC, FIRST DIGIT NOT 1-5 OR REST OF DIGITS ALL ZERO","",""
1001260008,1090860,1090860,0,0,E,0,01,"","BIN FOUND IN TPAD, NOT FOUND IN PAD","",*
5065860011,5166688,5166688,0,0,E,0,01,"","BIN FOUND IN TPAD, NOT FOUND IN PAD","",*
2029980020,2128398,"","",0,E,0,01,"","BIN FOUND IN TPAD, NOT FOUND IN PAD","",*
4015300065,4619561,4619561,0,0,E,0,01,"","BIN FOUND IN TPAD, NOT FOUND IN PAD","",*
"",5816279,"","","","", ,23,"",TEMPORARY DEPARTMENT OF BUILDINGS BIN: EXISTS ONLY IN D.O.B. FILES,"",""
3030510033,3419235,3419235,0,"",2,0,01,"","TPAD BBL USED, NO EXISTING PAD BBL","",*
"",1806405,"","","","", ,23,"",TEMPORARY DEPARTMENT OF BUILDINGS BIN: EXISTS ONLY IN D.O.B. FILES,"",""
5011720244,5164628,"","",0,E,0,01,"","BIN FOUND IN TPAD, NOT FOUND IN PAD","",*
"",5843171,"","","","", ,23,"",TEMPORARY DEPARTMENT OF BUILDINGS BIN: EXISTS ONLY IN D.O.B. FILES,"",""
"",5856344,"","","","", ,23,"",TEMPORARY DEPARTMENT OF BUILDINGS BIN: EXISTS ONLY IN D.O.B. FILES,"",""
"",1802226,"","","","", ,23,"",TEMPORARY DEPARTMENT OF BUILDINGS BIN: EXISTS ONLY IN D.O.B. FILES,"",""
5041920018,5169453,"","",0,E,0,01,"","BIN FOUND IN TPAD, NOT FOUND IN PAD","",*
5068960031,5170303,5170303,0,0,E,0,01,"","BIN FOUND IN TPAD, NOT FOUND IN PAD","",*
3035220032,3425917,"","",0,E,0,01,"","BIN FOUND IN TPAD, NOT FOUND IN PAD","",*
5062680072,5168750,"","",0,E,0,01,"","BIN FOUND IN TPAD, NOT FOUND IN PAD","",*
3024150022,3425914,"","",0,E,0,01,"","BIN FOUND IN TPAD, NOT FOUND IN PAD","",*
3067650046,3425902,"","",0,E,0,01,"","BIN FOUND IN TPAD, NOT FOUND IN PAD","",*
5080490032,5170818,5170818,0,0,E,0,01,"","BIN FOUND IN TPAD, NOT FOUND IN PAD","",*
1013390010,1090641,1090641,0,0,E,0,01,"","BIN FOUND IN TPAD, NOT FOUND IN PAD","",*
5062280016,5170172,"","",0,E,0,01,"","BIN FOUND IN TPAD, NOT FOUND IN PAD","",*
"",1805860,"","","","", ,23,"",TEMPORARY DEPARTMENT OF BUILDINGS BIN: EXISTS ONLY IN D.O.B. FILES,"",""
"",5856346,"","","","", ,23,"",TEMPORARY DEPARTMENT OF BUILDINGS BIN: EXISTS ONLY IN D.O.B. FILES,"",""
5065750007,5170536,5170536,0,0,E,0,01,"","BIN FOUND IN TPAD, NOT FOUND IN PAD","",*
"",5859159,"","","","", ,23,"",TEMPORARY DEPARTMENT OF BUILDINGS BIN: EXISTS ONLY IN D.O.B. FILES,"",""
5001810070,5170970,5170970,0,0,E,0,01,"","BIN FOUND IN TPAD, NOT FOUND IN PAD","",*
"",4000000,"","","","", ,22,"","INVALID BIN FORMAT: NON-NUMERIC, FIRST DIGIT NOT 1-5 OR REST OF DIGITS ALL ZERO","",""
5033060021,5170467,5170467,0,"",2,0,01,"","TPAD BBL USED, NO EXISTING PAD BBL","",*
5011940053,5169784,"","",0,E,0,01,"","BIN FOUND IN TPAD, NOT FOUND IN PAD","",*
5001380111,5165166,"","",0,E,0,01,"","BIN FOUND IN TPAD, NOT FOUND IN PAD","",*
"",5862177,"","","","", ,23,"",TEMPORARY DEPARTMENT OF BUILDINGS BIN: EXISTS ONLY IN D.O.B. FILES,"",""
5031100047,5169697,5169697,0,0,E,0,01,"","BIN FOUND IN TPAD, NOT FOUND IN PAD","",*
1010810050,1090139,1090139,0,0,E,0,01,"","BIN FOUND IN TPAD, NOT FOUND IN PAD","",*
5000800014,5169986,"","",0,E,0,01,"","BIN FOUND IN TPAD, NOT FOUND IN PAD","",*
4005020007,4618917,"","",0,E,0,01,"","BIN FOUND IN TPAD, NOT FOUND IN PAD","",*
3009430005,3422370,3422370,0,0,E,0,01,"","BIN FOUND IN TPAD, NOT FOUND IN PAD","",*
5038860048,5170011,5170011,0,0,E,0,01,"","BIN FOUND IN TPAD, NOT FOUND IN PAD","",*
5077920441,5165150,"","",0,E,0,01,"","BIN FOUND IN TPAD, NOT FOUND IN PAD","",*
5063010058,5165186,"","",0,E,0,01,"","BIN FOUND IN TPAD, NOT FOUND IN PAD","",*
2026240041,2129154,2128551,0,1,E,1,01,"","BIN FOUND IN TPAD, NOT FOUND IN PAD","",*
4050030039,4618853,4618853,0,0,E,0,01,"","BIN FOUND IN TPAD, NOT FOUND IN PAD","",*
"",5801859,"","","","", ,23,"",TEMPORARY DEPARTMENT OF BUILDINGS BIN: EXISTS ONLY IN D.O.B. FILES,"",""
"",5000000,"","","","", ,22,"","INVALID BIN FORMAT: NON-NUMERIC, FIRST DIGIT NOT 1-5 OR REST OF DIGITS ALL ZERO","",""
"",1000000,"","","","", ,22,"","INVALID BIN FORMAT: NON-NUMERIC, FIRST DIGIT NOT 1-5 OR REST OF DIGITS ALL ZERO","",""
"",1802152,"","","","", ,23,"",TEMPORARY DEPARTMENT OF BUILDINGS BIN: EXISTS ONLY IN D.O.B. FILES,"",""
"",5000000,"","","","", ,22,"","INVALID BIN FORMAT: NON-NUMERIC, FIRST DIGIT NOT 1-5 OR REST OF DIGITS ALL ZERO","",""
5002190029,5169843,"","",0,E,0,01,"","BIN FOUND IN TPAD, NOT FOUND IN PAD","",*
3013420041,3424202,3424203,0,0,E,0,01,"","BIN FOUND IN TPAD, NOT FOUND IN PAD","",*
5001390039,5170487,"","",0,E,0,01,"","BIN FOUND IN TPAD, NOT FOUND IN PAD","",*
4033770084,4596828,4596828,0,0,E,0,01,"","BIN FOUND IN TPAD, NOT FOUND IN PAD","",*
5011270164,5165235,"","",0,E,0,01,"","BIN FOUND IN TPAD, NOT FOUND IN PAD","",*
5038160002,5166517,5166517,0,0,E,0,01,"","BIN FOUND IN TPAD, NOT FOUND IN PAD","",*
5046550015,5170951,"","",0,E,0,01,"","BIN FOUND IN TPAD, NOT FOUND IN PAD","",*
"",3847142,"","","","", ,23,"",TEMPORARY DEPARTMENT OF BUILDINGS BIN: EXISTS ONLY IN D.O.B. FILES,"",""
5069000043,5159264,"","",0,E,0,01,"","BIN FOUND IN TPAD, NOT FOUND IN PAD","",*
5075840099,5165198,"","",0,E,0,01,"","BIN FOUND IN TPAD, NOT FOUND IN PAD","",*
5054420048,5165073,"","",0,E,0,01,"","BIN FOUND IN TPAD, NOT FOUND IN PAD","",*
5077920246,5165144,"","",0,E,0,01,"","BIN FOUND IN TPAD, NOT FOUND IN PAD","",*
5001380109,5165167,"","",0,E,0,01,"","BIN FOUND IN TPAD, NOT FOUND IN PAD","",*
5057200081,5166350,5166350,0,0,E,0,01,"","BIN FOUND IN TPAD, NOT FOUND IN PAD","",*
5012530001,5170540,"","",0,E,0,01,"","BIN FOUND IN TPAD, NOT FOUND IN PAD","",*
1004460032,1088693,1088693,1,1,E,1,01,"","BIN FOUND IN TPAD, NOT FOUND IN PAD","",*
4099990009,4608253,4608253,0,"",2,0,01,"","TPAD BBL USED, NO EXISTING PAD BBL","",*
5073110015,5166408,"","",0,E,0,01,"","BIN FOUND IN TPAD, NOT FOUND IN PAD","",*
5042310125,5170582,5170582,0,0,E,0,01,"","BIN FOUND IN TPAD, NOT FOUND IN PAD","",*
"",1806455,"","","","", ,23,"",TEMPORARY DEPARTMENT OF BUILDINGS BIN: EXISTS ONLY IN D.O.B. FILES,"",""
2045970013,2128433,2128433,0,0,E,0,01,"","BIN FOUND IN TPAD, NOT FOUND IN PAD","",*
1019630009,1090804,1090804,0,0,E,0,01,"","BIN FOUND IN TPAD, NOT FOUND IN PAD","",*
"",3818777,"","","","", ,23,"",TEMPORARY DEPARTMENT OF BUILDINGS BIN: EXISTS ONLY IN D.O.B. FILES,"",""
"",3819214,"","","","", ,23,"",TEMPORARY DEPARTMENT OF BUILDINGS BIN: EXISTS ONLY IN D.O.B. FILES,"",""
"",3000000,"","","","", ,22,"","INVALID BIN FORMAT: NON-NUMERIC, FIRST DIGIT NOT 1-5 OR REST OF DIGITS ALL ZERO","",""
"",3822918,"","","","", ,23,"",TEMPORARY DEPARTMENT OF BUILDINGS BIN: EXISTS ONLY IN D.O.B. FILES,"",""
3045880083,3418434,"","",0,E,0,01,"","BIN FOUND IN TPAD, NOT FOUND IN PAD","",*
3013680035,3424852,"","",0,E,0,01,"","BIN FOUND IN TPAD, NOT FOUND IN PAD","",*
3012330016,3418102,3418102,0,0,E,0,01,"","BIN FOUND IN TPAD, NOT FOUND IN PAD","",*
"",3824848,"","","","", ,23,"",TEMPORARY DEPARTMENT OF BUILDINGS BIN: EXISTS ONLY IN D.O.B. FILES,"",""
3033770032,3422390,3422390,0,0,E,0,01,"","BIN FOUND IN TPAD, NOT FOUND IN PAD","",*
"",3825134,"","","","", ,23,"",TEMPORARY DEPARTMENT OF BUILDINGS BIN: EXISTS ONLY IN D.O.B. FILES,"",""
3059590107,3424646,3424646,0,0,E,0,01,"","BIN FOUND IN TPAD, NOT FOUND IN PAD","",*
3017090003,3426416,3426416,0,0,E,0,01,"","BIN FOUND IN TPAD, NOT FOUND IN PAD","",*
"",3825716,"","","","", ,23,"",TEMPORARY DEPARTMENT OF BUILDINGS BIN: EXISTS ONLY IN D.O.B. FILES,"",""
3081850024,3397897,3397897,0,0,E,0,01,"","BIN FOUND IN TPAD, NOT FOUND IN PAD","",*
"",3000000,"","","","", ,22,"","INVALID BIN FORMAT: NON-NUMERIC, FIRST DIGIT NOT 1-5 OR REST OF DIGITS ALL ZERO","",""
